Entity,Year,2.1.1 Prevalence of undernourishment,percentage,Frequency
Africa (FAO),2000,22.4,"45404,00%",7
Americas (FAO),2000,6.7,"45479,00%",20
Asia (FAO),2000,14,"14,00%",13
Caribbean (FAO),2000,17.7,"45490,00%",5
Central America (FAO),2000,8.1,"45299,00%",20
Central Asia (FAO),2000,14.4,"45396,00%",16
Eastern Africa (FAO),2000,38.4,"0,00%",3
Eastern Asia (FAO),2000,10.1,"45301,00%",7
Eastern Asia and South-eastern Asia (FAO),2000,12.8,"45516,00%",7
Eastern Europe (FAO),2000,3.9,"45538,00%",26
Europe (FAO),2000,2.5,"45414,00%",1240
High-income economies (FAO),2000,2.5,"45414,00%",1240
Land Locked Developing Countries (FAO),2000,30.7,"45503,00%",4
Latin America and the Caribbean (FAO),2000,10.8,"45514,00%",15
Least Developed Countries (FAO),2000,31.9,"0,00%",6
Low Income Food Deficit Countries (FAO),2000,28.3,"45379,00%",4
Low income economies (FAO),2000,33.7,"0,00%",4
Lower-middle-income economies (FAO),2000,17.3,"45368,00%",13
Melanesia,2000,22.9,"45557,00%",9
Middle Africa (FAO),2000,35.6,"0,00%",4
Northern Africa (FAO),2000,6.3,"45357,00%",37
Northern America (FAO),2000,2.5,"45414,00%",1240
Northern America and Europe (FAO),2000,2.5,"45414,00%",1240
Northern Europe (FAO),2000,2.5,"45414,00%",1240
Oceania (FAO),2000,6.7,"45479,00%",20
Polynesia,2000,3.9,"45538,00%",26
Small Island Developing States (FAO),2000,17.6,"45460,00%",11
South America (FAO),2000,11.1,"45302,00%",15
South-eastern Asia (FAO),2000,20.5,"45432,00%",8
Southern Africa (FAO),2000,5.7,"45478,00%",29
Southern Asia (FAO),2000,16.3,"45367,00%",8
Southern Europe (FAO),2000,2.5,"45414,00%",1240
Sub-Saharan Africa (FAO),2000,26.7,"45499,00%",7
Upper-middle-income economies (FAO),2000,9.9,"45544,00%",9
Western Africa (FAO),2000,15,"15,00%",8
Western Asia (FAO),2000,9.6,"45452,00%",14
Western Europe (FAO),2000,2.5,"45414,00%",1240
World,2000,12.7,"45485,00%",9
Afghanistan,2001,46.4,"0,00%",1
Africa (FAO),2001,21.8,"45525,00%",6
Albania,2001,4.9,"45539,00%",19
Algeria,2001,8.1,"45299,00%",20
Americas (FAO),2001,6.6,"45449,00%",17
Angola,2001,67.8,"0,00%",1
Argentina,2001,3.1,"45294,00%",26
Armenia,2001,25.7,"45498,00%",4
Asia (FAO),2001,14.6,"45457,00%",9
Australia,2001,2.5,"45414,00%",1240
Austria,2001,2.5,"45414,00%",1240
Azerbaijan,2001,16.8,"45520,00%",9
Bangladesh,2001,15.6,"45458,00%",15
Barbados,2001,6.1,"45297,00%",27
Belarus,2001,2.5,"45414,00%",1240
Belgium,2001,2.5,"45414,00%",1240
Belize,2001,6.3,"45357,00%",37
Benin,2001,17.3,"45368,00%",13
Bolivia,2001,27.8,"45531,00%",6
Bosnia and Herzegovina,2001,3.4,"45385,00%",20
Botswana,2001,23.8,"45527,00%",7
Brazil,2001,10.7,"45483,00%",9
Bulgaria,2001,3.9,"45538,00%",26
Burkina Faso,2001,22.9,"45557,00%",9
Cambodia,2001,24.3,"45375,00%",4
Cameroon,2001,22.7,"45495,00%",12
Canada,2001,2.5,"45414,00%",1240
Cape Verde,2001,15,"15,00%",8
Caribbean (FAO),2001,18.1,"45309,00%",6
Central African Republic,2001,38.5,0.00%,1
Central America (FAO),2001,7.3,"45358,00%",17
Central Asia (FAO),2001,16.6,"45459,00%",8
Chad,2001,38.6,0.00%,4
Chile,2001,3.5,"45415,00%",25
China,2001,10.2,"45332,00%",8
Colombia,2001,8.9,"45543,00%",14
Comoros,2001,25.2,"45347,00%",2
Congo,2001,27,"27,00%",5
Costa Rica,2001,4.7,"45477,00%",26
Cote d'Ivoire,2001,18.2,"45340,00%",11
Croatia,2001,6.9,"45541,00%",23
Cuba,2001,2.5,"45414,00%",1240
Cyprus,2001,5.2,"45327,00%",24
Czechia,2001,2.5,"45414,00%",1240
Democratic Republic of Congo,2001,27.9,"45562,00%",7
Denmark,2001,2.5,"45414,00%",1240
Djibouti,2001,42.1,0.00%,2
Dominica,2001,3.8,"45507,00%",26
Dominican Republic,2001,20.6,"45463,00%",6
East Timor,2001,42.8,0.00%,2
Eastern Africa (FAO),2001,37.1,0.00%,3
Eastern Asia (FAO),2001,9.6,"45452,00%",14
Eastern Asia and South-eastern Asia (FAO),2001,12.5,"45424,00%",8
Eastern Europe (FAO),2001,3.2,"45325,00%",22
Ecuador,2001,21,"21,00%",5
Egypt,2001,5.2,"45327,00%",24
El Salvador,2001,7.3,"45358,00%",17
Estonia,2001,3.5,"45415,00%",25
Eswatini,2001,10.5,"45422,00%",8
Ethiopia,2001,46.7,0.00%,3
Fiji,2001,4,"4,00%",20
Finland,2001,2.5,"45414,00%",1240
France,2001,2.5,"45414,00%",1240
French Polynesia,2001,4.1,"45295,00%",29
Gabon,2001,10.8,"45514,00%",15
Gambia,2001,18,"18,00%",9
Georgia,2001,7.2,"45329,00%",11
Germany,2001,2.5,"45414,00%",1240
Ghana,2001,14.9,"45549,00%",14
Greece,2001,2.5,"45414,00%",1240
Guatemala,2001,22.7,"45495,00%",12
Guinea,2001,18,"18,00%",9
Guinea-Bissau,2001,15.8,"45519,00%",11
Guyana,2001,6.4,"45388,00%",24
Haiti,2001,49.2,0.00%,1
Honduras,2001,22.4,"45404,00%",7
Hong Kong,2001,2.5,"45414,00%",1240
Hungary,2001,2.5,"45414,00%",1240
Iceland,2001,2.5,"45414,00%",1240
India,2001,18.3,"45369,00%",9
Indonesia,2001,19,"19,00%",7
Iran,2001,5,"5,00%",28
Iraq,2001,21.7,"45494,00%",6
Ireland,2001,2.5,"45414,00%",1240
Israel,2001,2.5,"45414,00%",1240
Italy,2001,2.5,"45414,00%",1240
Jamaica,2001,7.6,"45450,00%",17
Japan,2001,2.5,"45414,00%",1240
Kazakhstan,2001,6.3,"45357,00%",37
Kenya,2001,32.3,0.00%,3
Kiribati,2001,5.4,"45387,00%",33
Kuwait,2001,2.8,"45506,00%",31
Kyrgyzstan,2001,14.6,"45457,00%",9
Land Locked Developing Countries (FAO),2001,29.9,"45564,00%",3
Laos,2001,31.4,0.00%,4
Latin America and the Caribbean (FAO),2001,10.5,"45422,00%",8
Latvia,2001,4.6,"45447,00%",19
Least Developed Countries (FAO),2001,30.9,"45565,00%",2
Lesotho,2001,20.7,"45493,00%",10
Liberia,2001,36.3,0.00%,4
Libya,2001,3.5,"45415,00%",25
Lithuania,2001,2.5,"45414,00%",1240
Low Income Food Deficit Countries (FAO),2001,27.7,"45500,00%",4
Low income economies (FAO),2001,33.5,0.00%,4
Lower-middle-income economies (FAO),2001,18.2,"45340,00%",11
Luxembourg,2001,2.5,"45414,00%",1240
Macao,2001,21.3,"45372,00%",9
Madagascar,2001,34.1,0.00%,3
Malawi,2001,23.4,"45405,00%",7
Malaysia,2001,2.5,"45414,00%",1240
Mali,2001,16.6,"45459,00%",8
Malta,2001,2.5,"45414,00%",1240
Mauritania,2001,8.2,"45330,00%",9
Mauritius,2001,5.8,"45509,00%",32
Melanesia,2001,22.2,"45344,00%",8
Mexico,2001,3.2,"45325,00%",22
Middle Africa (FAO),2001,35,"35,00%",7
Moldova,2001,24.4,"45406,00%",2
Mongolia,2001,30.5,"45442,00%",4
Montenegro,2001,9.6,"45452,00%",14
Morocco,2001,6.3,"45357,00%",37
Mozambique,2001,36.9,0.00%,3
Myanmar,2001,38.6,0.00%,4
Namibia,2001,15.6,"45458,00%",15
Nepal,2001,24.1,"45315,00%",6
Netherlands,2001,2.5,"45414,00%",1240
New Caledonia,2001,9.3,"45360,00%",16
New Zealand,2001,2.5,"45414,00%",1240
Nicaragua,2001,27.1,"45318,00%",7
Niger,2001,23.3,"45374,00%",6
Nigeria,2001,8.8,"45512,00%",12
North Korea,2001,35.7,0.00%,1
North Macedonia,2001,7.4,"45389,00%",18
Northern Africa (FAO),2001,5.8,"45509,00%",32
Norway,2001,2.5,"45414,00%",1240
Oceania (FAO),2001,6.4,"45388,00%",24
Oman,2001,12.4,"45394,00%",8
Pakistan,2001,20.8,"45524,00%",9
Panama,2001,24.5,"45436,00%",3
Papua New Guinea,2001,26.8,"45530,00%",5
Paraguay,2001,10.4,"45392,00%",10
Peru,2001,21.4,"45403,00%",12
Philippines,2001,18.9,"45553,00%",10
Poland,2001,2.5,"45414,00%",1240
Polynesia,2001,3.6,"45446,00%",26
Portugal,2001,2.5,"45414,00%",1240
Romania,2001,2.5,"45414,00%",1240
Russia,2001,4,"4,00%",20
Rwanda,2001,38,"38,00%",2
Saint Vincent and the Grenadines,2001,14.4,"45396,00%",16
Samoa,2001,3.1,"45294,00%",26
Sao Tome and Principe,2001,15.7,"45488,00%",10
Saudi Arabia,2001,5.4,"45387,00%",33
Senegal,2001,24.5,"45436,00%",3
Serbia,2001,3.5,"45415,00%",25
Seychelles,2001,2.6,"45445,00%",22
Sierra Leone,2001,50.4,0.00%,2
Slovakia,2001,6.1,"45297,00%",27
Slovenia,2001,2.5,"45414,00%",1240
Solomon Islands,2001,12.7,"45485,00%",9
Somalia,2001,70.6,0.00%,2
South Africa,2001,3.8,"45507,00%",26
South America (FAO),2001,11,"11,00%",12
South Korea,2001,2.5,"45414,00%",1240
Southern Africa (FAO),2001,5.4,"45387,00%",33
Southern Asia (FAO),2001,18.1,"45309,00%",6
Spain,2001,2.5,"45414,00%",1240
Sri Lanka,2001,16.5,"45428,00%",9
Sub-Saharan Africa (FAO),2001,26,"26,00%",3
Suriname,2001,11.8,"45515,00%",7
Sweden,2001,2.5,"45414,00%",1240
Switzerland,2001,2.5,"45414,00%",1240
Syria,2001,7.6,"45450,00%",17
Taiwan,2001,3.6,"45446,00%",26
Tajikistan,2001,40.4,0.00%,2
Tanzania,2001,32.8,0.00%,2
Thailand,2001,17.3,"45368,00%",13
Togo,2001,31.6,0.00%,7
Trinidad and Tobago,2001,10,"10,00%",10
Tunisia,2001,4.4,"45386,00%",21
Turkey,2001,2.5,"45414,00%",1240
Turkmenistan,2001,6.4,"45388,00%",24
Uganda,2001,18.4,"45400,00%",6
Ukraine,2001,3,"3,00%",18
United Arab Emirates,2001,3.1,"45294,00%",26
United Kingdom,2001,2.5,"45414,00%",1240
United States,2001,2.5,"45414,00%",1240
Upper-middle-income economies (FAO),2001,9.4,"45391,00%",9
Uruguay,2001,3.4,"45385,00%",20
Uzbekistan,2001,18,"18,00%",9
Vanuatu,2001,7,"7,00%",26
Venezuela,2001,14.8,"45518,00%",11
Vietnam,2001,19.5,"45431,00%",9
Western Africa (FAO),2001,14.7,"45487,00%",11
Western Asia (FAO),2001,9.1,"45300,00%",12
World,2001,12.9,"45547,00%",14
Yemen,2001,26.2,"45348,00%",4
Zambia,2001,50.4,0.00%,2
Zimbabwe,2001,33,"33,00%",11
Afghanistan,2002,44.1,0.00%,3
Africa (FAO),2002,21.4,"45403,00%",12
Albania,2002,6,"6,00%",23
Algeria,2002,7.4,"45389,00%",18
Americas (FAO),2002,6.8,"45510,00%",21
Angola,2002,63.5,0.00%,1
Argentina,2002,3.9,"45538,00%",26
Armenia,2002,24.2,"45346,00%",10
Asia (FAO),2002,14.9,"45549,00%",14
Azerbaijan,2002,13.3,"45364,00%",11
Bangladesh,2002,14.8,"45518,00%",11
Barbados,2002,5.9,"45540,00%",28
Belarus,2002,2.7,"45475,00%",17
Belize,2002,5.7,"45478,00%",29
Benin,2002,15.6,"45458,00%",15
Bolivia,2002,27,"27,00%",5
Bosnia and Herzegovina,2002,3.2,"45325,00%",22
Botswana,2002,24.2,"45346,00%",10
Brazil,2002,9.3,"45360,00%",16
Bulgaria,2002,4.1,"45295,00%",29
Burkina Faso,2002,20.9,"45555,00%",8
Cambodia,2002,21.9,"45556,00%",9
Cameroon,2002,20.6,"45463,00%",6
Caribbean (FAO),2002,17.9,"45552,00%",5
Central African Republic,2002,39.5,0.00%,2
Central America (FAO),2002,7.1,"45298,00%",21
Central Asia (FAO),2002,17.4,"45399,00%",6
Chad,2002,37.5,0.00%,2
Chile,2002,3.3,"45354,00%",22
China,2002,9.6,"45452,00%",14
Colombia,2002,9.3,"45360,00%",16
Comoros,2002,21.1,"45312,00%",8
Congo,2002,26.5,"45438,00%",3
Costa Rica,2002,5,"5,00%",28
Croatia,2002,4.6,"45447,00%",19
Cyprus,2002,5.8,"45509,00%",32
Democratic Republic of Congo,2002,28.4,"45410,00%",12
Djibouti,2002,40.7,0.00%,3
Dominica,2002,4.1,"45295,00%",29
Dominican Republic,2002,22.8,"45526,00%",6
Eastern Africa (FAO),2002,36.3,0.00%,4
Eastern Asia (FAO),2002,8.9,"45543,00%",14
Eastern Asia and South-eastern Asia (FAO),2002,11.6,"45454,00%",11
Eastern Europe (FAO),2002,2.8,"45506,00%",31
Ecuador,2002,22.7,"45495,00%",12
Egypt,2002,5.4,"45387,00%",33
El Salvador,2002,7.1,"45298,00%",21
Eswatini,2002,9.8,"45513,00%",11
Fiji,2002,3.8,"45507,00%",26
French Polynesia,2002,4,"4,00%",20
Gabon,2002,12.2,"45334,00%",10
Gambia,2002,19.8,"45523,00%",10
Georgia,2002,5.5,"45417,00%",19
Ghana,2002,13.5,"45425,00%",12
Guatemala,2002,20.3,"45371,00%",8
Guinea,2002,17.8,"45521,00%",11
Guinea-Bissau,2002,16.1,"45307,00%",13
Guyana,2002,6.3,"45357,00%",37
Honduras,2002,21.6,"45464,00%",8
India,2002,19.9,"45554,00%",7
Iran,2002,5.2,"45327,00%",24
Iraq,2002,21.1,"45312,00%",8
Jamaica,2002,7.1,"45298,00%",21
Kazakhstan,2002,6.4,"45388,00%",24
Kenya,2002,33.7,0.00%,4
Kiribati,2002,5.6,"45448,00%",32
Kuwait,2002,2.5,"45414,00%",1240
Kyrgyzstan,2002,12.5,"45424,00%",8
Land Locked Developing Countries (FAO),2002,29.1,"45320,00%",3
Laos,2002,29.6,"45472,00%",4
Latin America and the Caribbean (FAO),2002,10.9,"45545,00%",8
Latvia,2002,3.4,"45385,00%",20
Least Developed Countries (FAO),2002,30,"30,00%",5
Lesotho,2002,19,"19,00%",7
Liberia,2002,37.5,0.00%,2
Libya,2002,3.8,"45507,00%",26
Low Income Food Deficit Countries (FAO),2002,27.1,"45318,00%",7
Low income economies (FAO),2002,32.3,0.00%,3
Lower-middle-income economies (FAO),2002,19.1,"45310,00%",12
Macao,2002,20.6,"45463,00%",6
Madagascar,2002,35.6,0.00%,4
Malawi,2002,23.6,"45466,00%",3
Malaysia,2002,2.7,"45475,00%",17
Mali,2002,15.6,"45458,00%",15
Mauritania,2002,7.7,"45480,00%",19
Mauritius,2002,5.6,"45448,00%",32
Melanesia,2002,21.8,"45525,00%",6
Mexico,2002,3.6,"45446,00%",26
Middle Africa (FAO),2002,34.2,0.00%,2
Moldova,2002,27.1,"45318,00%",7
Mongolia,2002,30,"30,00%",5
Montenegro,2002,9.1,"45300,00%",12
Morocco,2002,5.9,"45540,00%",28
Myanmar,2002,35.9,0.00%,2
Namibia,2002,16.5,"45428,00%",9
Nepal,2002,22.3,"45373,00%",8
New Caledonia,2002,9.5,"45421,00%",10
Nicaragua,2002,24.8,"45528,00%",5
Niger,2002,22.4,"45404,00%",7
North Korea,2002,35,"35,00%",7
Northern Africa (FAO),2002,5.7,"45478,00%",29
Oceania (FAO),2002,6.3,"45357,00%",37
Oman,2002,11.3,"45362,00%",13
Pakistan,2002,21.4,"45403,00%",12
Panama,2002,20.6,"45463,00%",6
Papua New Guinea,2002,27.5,"45439,00%",2
Paraguay,2002,9.1,"45300,00%",12
Peru,2002,22.8,"45526,00%",6
Philippines,2002,18.6,"45461,00%",7
Polynesia,2002,3.5,"45415,00%",25
Russia,2002,3.3,"45354,00%",22
Rwanda,2002,34.7,0.00%,1
Saint Vincent and the Grenadines,2002,12.8,"45516,00%",7
Sao Tome and Principe,2002,13.7,"45486,00%",12
Senegal,2002,23.2,"45345,00%",4
Serbia,2002,3.3,"45354,00%",22
Small Island Developing States (FAO),2002,17.2,"45339,00%",7
Solomon Islands,2002,12.6,"45455,00%",6
South Africa,2002,3.7,"45476,00%",24
South America (FAO),2002,11.6,"45454,00%",11
South-eastern Asia (FAO),2002,19.1,"45310,00%",12
Southern Africa (FAO),2002,5.6,"45448,00%",32
Southern Asia (FAO),2002,20.1,"45311,00%",6
Sri Lanka,2002,15.8,"45519,00%",11
Sub-Saharan Africa (FAO),2002,25.5,"45437,00%",4
Suriname,2002,11.6,"45454,00%",11
Syria,2002,6.8,"45510,00%",21
Taiwan,2002,4.1,"45295,00%",29
Tanzania,2002,33.7,0.00%,4
Thailand,2002,16.4,"45398,00%",12
Trinidad and Tobago,2002,10.5,"45422,00%",8
Tunisia,2002,4.5,"45416,00%",19
Turkmenistan,2002,5.9,"45540,00%",28
Uganda,2002,16.9,"45551,00%",7
Ukraine,2002,2.5,"45414,00%",1240
United Arab Emirates,2002,3.9,"45538,00%",26
Upper-middle-income economies (FAO),2002,8.8,"45512,00%",12
Uruguay,2002,3.1,"45294,00%",26
Uzbekistan,2002,19.3,"45370,00%",8
Venezuela,2002,14.9,"45549,00%",14
Vietnam,2002,17.7,"45490,00%",5
Western Africa (FAO),2002,14.4,"45396,00%",16
Western Asia (FAO),2002,8.9,"45543,00%",14
World,2002,13.1,"45304,00%",9
Yemen,2002,27.2,"45349,00%",5
Zambia,2002,50.2,0.00%,1
Zimbabwe,2002,32.1,0.00%,3
Afghanistan,2003,39,"39,00%",3
Africa (FAO),2003,21.1,"45312,00%",8
Albania,2003,7.4,"45389,00%",18
Algeria,2003,7,"7,00%",26
Americas (FAO),2003,6.3,"45357,00%",37
Argentina,2003,4.6,"45447,00%",19
Armenia,2003,20.8,"45524,00%",9
Asia (FAO),2003,14.5,"45426,00%",11
Azerbaijan,2003,10.3,"45361,00%",10
Bangladesh,2003,14.4,"45396,00%",16
Barbados,2003,6.3,"45357,00%",37
Belarus,2003,3.2,"45325,00%",22
Belize,2003,5.6,"45448,00%",32
Benin,2003,13.7,"45486,00%",12
Bolivia,2003,27.9,"45562,00%",7
Bosnia and Herzegovina,2003,2.7,"45475,00%",17
Botswana,2003,24.8,"45528,00%",5
Brazil,2003,7.9,"45542,00%",22
Bulgaria,2003,4.4,"45386,00%",21
Burkina Faso,2003,18.9,"45553,00%",10
Cambodia,2003,20.1,"45311,00%",6
Cameroon,2003,19.2,"45341,00%",10
Cape Verde,2003,13.6,"45456,00%",9
Caribbean (FAO),2003,20.5,"45432,00%",8
Central African Republic,2003,40,"40,00%",2
Central America (FAO),2003,7.7,"45480,00%",19
Central Asia (FAO),2003,16.1,"45307,00%",13
Chad,2003,38,"38,00%",2
Chile,2003,3.2,"45325,00%",22
China,2003,8.8,"45512,00%",12
Colombia,2003,10,"10,00%",10
Comoros,2003,18.2,"45340,00%",11
Congo,2003,26.7,"45499,00%",7
Costa Rica,2003,5.2,"45327,00%",24
Cote d'Ivoire,2003,17.7,"45490,00%",5
Croatia,2003,3.6,"45446,00%",26
Cyprus,2003,6.2,"45328,00%",23
Djibouti,2003,37.9,,2
Dominica,2003,4.6,"45447,00%",19
Dominican Republic,2003,23.8,"45527,00%",7
East Timor,2003,34.3,,4
Eastern Africa (FAO),2003,36.2,,1
Eastern Asia (FAO),2003,8.5,"45420,00%",10
Eastern Asia and South-eastern Asia (FAO),2003,11.1,"45302,00%",15
Egypt,2003,6,"6,00%",23
El Salvador,2003,7.9,"45542,00%",22
Estonia,2003,3.3,"45354,00%",22
Eswatini,2003,8.5,"45420,00%",10
Ethiopia,2003,42.5,,2
Fiji,2003,3.7,"45476,00%",24
French Polynesia,2003,3.9,"45538,00%",26
Gabon,2003,13.4,"45395,00%",9
Gambia,2003,20.5,"45432,00%",8
Georgia,2003,4.5,"45416,00%",19
Ghana,2003,12.7,"45485,00%",9
Guatemala,2003,19.4,"45401,00%",11
Guinea,2003,16.9,"45551,00%",7
Guinea-Bissau,2003,16.4,"45398,00%",12
Guyana,2003,6.7,"45479,00%",20
Haiti,2003,51.9,0.00%,2
Honduras,2003,22,"22,00%",8
India,2003,21.4,"45403,00%",12
Indonesia,2003,18.9,"45553,00%",10
Iraq,2003,19.9,"45554,00%",7
Jamaica,2003,7.4,"45389,00%",18
Kazakhstan,2003,7,"7,00%",26
Kenya,2003,35,"35,00%",7
Kiribati,2003,6,"6,00%",23
Kyrgyzstan,2003,10.2,"45332,00%",8
Land Locked Developing Countries (FAO),2003,27.2,"45349,00%",5
Laos,2003,27.1,"45318,00%",7
Latin America and the Caribbean (FAO),2003,10,"10,00%",10
Latvia,2003,2.7,"45475,00%",17
Least Developed Countries (FAO),2003,28.9,"45563,00%",2
Lesotho,2003,17.3,"45368,00%",13
Liberia,2003,36.5,0.00%,1
Libya,2003,4.1,"45295,00%",29
Low Income Food Deficit Countries (FAO),2003,26.4,"45408,00%",3
Low income economies (FAO),2003,31,"31,00%",3
Lower-middle-income economies (FAO),2003,18.9,"45553,00%",10
Macao,2003,19,"19,00%",7
Malawi,2003,24.2,"45346,00%",10
Malaysia,2003,2.8,"45506,00%",31
Mali,2003,15.4,"45397,00%",11
Mauritania,2003,8.1,"45299,00%",20
Mauritius,2003,5.4,"45387,00%",33
Melanesia,2003,24.6,"45467,00%",5
Mexico,2003,4.2,"45326,00%",18
Middle Africa (FAO),2003,33.1,0.00%,4
Moldova,2003,29.8,"45533,00%",5
Mongolia,2003,30.1,"45321,00%",2
Montenegro,2003,8.3,"45359,00%",14
Morocco,2003,5.6,"45448,00%",32
Mozambique,2003,34.3,0.00%,4
Namibia,2003,17.7,"45490,00%",5
Nepal,2003,20.3,"45371,00%",8
New Caledonia,2003,9.8,"45513,00%",11
Nicaragua,2003,24.6,"45467,00%",5
Niger,2003,21.1,"45312,00%",8
Nigeria,2003,8.5,"45420,00%",10
North Korea,2003,32.7,0.00%,4
North Macedonia,2003,5.7,"45478,00%",29
Northern Africa (FAO),2003,5.9,"45540,00%",28
Oceania (FAO),2003,6.9,"45541,00%",23
Oman,2003,11,"11,00%",12
Pakistan,2003,20.6,"45463,00%",6
Panama,2003,21,"21,00%",5
Papua New Guinea,2003,28.2,"45350,00%",3
Paraguay,2003,8.6,"45451,00%",12
Peru,2003,23,"23,00%",8
Philippines,2003,17.3,"45368,00%",13
Polynesia,2003,3.7,"45476,00%",24
Russia,2003,2.8,"45506,00%",31
Rwanda,2003,34,"34,00%",3
Saint Vincent and the Grenadines,2003,10.3,"45361,00%",10
Samoa,2003,3,"3,00%",18
Sao Tome and Principe,2003,12.3,"45363,00%",7
Senegal,2003,21.7,"45494,00%",6
Serbia,2003,2.9,"45537,00%",9
Sierra Leone,2003,49,"49,00%",1
Slovakia,2003,6,"6,00%",23
Small Island Developing States (FAO),2003,19.2,"45341,00%",10
Solomon Islands,2003,12,"12,00%",6
South Africa,2003,3.6,"45446,00%",26
South America (FAO),2003,9.8,"45513,00%",11
South-eastern Asia (FAO),2003,18.4,"45400,00%",6
Southern Asia (FAO),2003,19.8,"45523,00%",10
Sri Lanka,2003,15.5,"45427,00%",7
Sub-Saharan Africa (FAO),2003,25.1,"45316,00%",4
Suriname,2003,11,"11,00%",12
Syria,2003,6.1,"45297,00%",27
Tanzania,2003,32.2,0.00%,1
Thailand,2003,15,"15,00%",8
Togo,2003,30.3,"45381,00%",2
Trinidad and Tobago,2003,11.1,"45302,00%",15
Turkmenistan,2003,5.1,"45296,00%",29
Uganda,2003,16,"16,00%",11
United Arab Emirates,2003,5,"5,00%",28
Upper-middle-income economies (FAO),2003,8.3,"45359,00%",14
Uruguay,2003,3,"3,00%",18
Uzbekistan,2003,18.7,"45491,00%",11
Vanuatu,2003,6.9,"45541,00%",23
Venezuela,2003,14.5,"45426,00%",11
Vietnam,2003,16,"16,00%",11
Western Africa (FAO),2003,13.8,"45517,00%",6
World,2003,12.8,"45516,00%",7
Yemen,2003,27.6,"45470,00%",4
Zimbabwe,2003,31.6,0.00%,7
Afghanistan,2004,36.3,0.00%,4
Africa (FAO),2004,20.6,"45463,00%",6
Albania,2004,8.6,"45451,00%",12
Americas (FAO),2004,6.2,"45328,00%",23
Argentina,2004,4.1,"45295,00%",29
Armenia,2004,15.8,"45519,00%",11
Asia (FAO),2004,14.4,"45396,00%",16
Azerbaijan,2004,7.3,"45358,00%",17
Bangladesh,2004,13.9,"45548,00%",9
Belarus,2004,3.3,"45354,00%",22
Belize,2004,5.4,"45387,00%",33
Benin,2004,13.2,"45335,00%",12
Bosnia and Herzegovina,2004,2.5,"45414,00%",1240
Botswana,2004,23.9,"45558,00%",4
Brazil,2004,6.9,"45541,00%",23
Bulgaria,2004,4.8,"45508,00%",22
Burkina Faso,2004,18.5,"45430,00%",10
Cambodia,2004,19.3,"45370,00%",8
Cameroon,2004,17.5,"45429,00%",8
Cape Verde,2004,11.7,"45484,00%",8
Caribbean (FAO),2004,19.3,"45370,00%",8
Central America (FAO),2004,8.6,"45451,00%",12
Central Asia (FAO),2004,15.7,"45488,00%",10
China,2004,8,"8,00%",12
Colombia,2004,10.8,"45514,00%",15
Comoros,2004,16.8,"45520,00%",9
Congo,2004,32.1,0.00%,3
Costa Rica,2004,4.9,"45539,00%",19
Cote d'Ivoire,2004,17.2,"45339,00%",7
Croatia,2004,3,"3,00%",18
Cyprus,2004,7,"7,00%",26
Dominica,2004,4.8,"45508,00%",22
Dominican Republic,2004,23.2,"45345,00%",4
Eastern Asia (FAO),2004,7.6,"45450,00%",17
Eastern Asia and South-eastern Asia (FAO),2004,10.3,"45361,00%",10
Eastern Europe (FAO),2004,2.5,"45414,00%",1240
Egypt,2004,6.3,"45357,00%",37
El Salvador,2004,8.7,"45481,00%",11
Estonia,2004,2.8,"45506,00%",31
Eswatini,2004,8.7,"45481,00%",11
Ethiopia,2004,39.1,0.00%,2
Fiji,2004,3.6,"45446,00%",26
Gabon,2004,13.9,"45548,00%",9
Gambia,2004,20.7,"45493,00%",10
Georgia,2004,3.8,"45507,00%",26
Ghana,2004,12.1,"45303,00%",11
Guatemala,2004,19.6,"45462,00%",5
Guinea,2004,16,"16,00%",11
Guinea-Bissau,2004,16.5,"45428,00%",9
Guyana,2004,6.9,"45541,00%",23
Honduras,2004,22.5,"45434,00%",9
India,2004,22,"22,00%",8
Indonesia,2004,19.1,"45310,00%",12
Iran,2004,5.1,"45296,00%",29
Iraq,2004,19.2,"45341,00%",10
Jamaica,2004,7.5,"45419,00%",15
Kazakhstan,2004,7.3,"45358,00%",17
Kyrgyzstan,2004,8.1,"45299,00%",20
Land Locked Developing Countries (FAO),2004,26.7,"45499,00%",7
Laos,2004,24.2,"45346,00%",10
Latin America and the Caribbean (FAO),2004,9.9,"45544,00%",9
Latvia,2004,2.5,"45414,00%",1240
Least Developed Countries (FAO),2004,27.9,"45562,00%",7
Lesotho,2004,15.6,"45458,00%",15
Libya,2004,4.4,"45386,00%",21
Low Income Food Deficit Countries (FAO),2004,25.5,"45437,00%",4
Low income economies (FAO),2004,30.7,"45503,00%",4
Macao,2004,17.2,"45339,00%",7
Malawi,2004,23.5,"45435,00%",4
Malaysia,2004,3,"3,00%",18
Mali,2004,14.7,"45487,00%",11
Mauritania,2004,8.3,"45359,00%",14
Mauritius,2004,5.3,"45356,00%",21
Melanesia,2004,24,"24,00%",3
Mexico,2004,4.6,"45447,00%",19
Moldova,2004,32.3,0.00%,3
Mongolia,2004,29.9,"45564,00%",3
Montenegro,2004,7.6,"45450,00%",17
Mozambique,2004,34.4,0.00%,2
Myanmar,2004,31.3,"45382,00%",5
Namibia,2004,18.7,"45491,00%",11
Nepal,2004,18,"18,00%",9
New Caledonia,2004,10.1,"45301,00%",7
Nicaragua,2004,23.7,"45496,00%",4
Niger,2004,19.4,"45401,00%",11
Nigeria,2004,7.8,"45511,00%",10
North Korea,2004,33,"33,00%",11
North Macedonia,2004,5.4,"45387,00%",33
Northern Africa (FAO),2004,6.2,"45328,00%",23
Oceania (FAO),2004,7,"7,00%",26
Oman,2004,10,"10,00%",10
Pakistan,2004,18.6,"45461,00%",7
Panama,2004,21.3,"45372,00%",9
Papua New Guinea,2004,29.1,"45320,00%",3
Paraguay,2004,8.9,"45543,00%",14
Peru,2004,21.6,"45464,00%",8
Philippines,2004,16.2,"45338,00%",11
Polynesia,2004,3.2,"45325,00%",22
Russia,2004,2.5,"45414,00%",1240
Rwanda,2004,35,"35,00%",7
Saint Vincent and the Grenadines,2004,9.4,"45391,00%",9
Samoa,2004,2.8,"45506,00%",31
Sao Tome and Principe,2004,11.1,"45302,00%",15
Saudi Arabia,2004,5.2,"45327,00%",24
Senegal,2004,19.8,"45523,00%",10
Serbia,2004,2.6,"45445,00%",22
Sierra Leone,2004,48.5,0.00%,1
Slovakia,2004,5.8,"45509,00%",32
Small Island Developing States (FAO),2004,18.2,"45340,00%",11
Solomon Islands,2004,12.2,"45334,00%",10
Somalia,2004,70.4,0.00%,4
South Africa,2004,3.4,"45385,00%",20
South America (FAO),2004,9.4,"45391,00%",9
South-eastern Asia (FAO),2004,17.6,"45460,00%",11
Southern Africa (FAO),2004,5.1,"45296,00%",29
Southern Asia (FAO),2004,20.7,"45493,00%",10
Sri Lanka,2004,14.9,"45549,00%",14
Sub-Saharan Africa (FAO),2004,24.3,"45375,00%",4
Suriname,2004,10.4,"45392,00%",10
Syria,2004,5.4,"45387,00%",33
Tanzania,2004,31.3,"45382,00%",5
Thailand,2004,13.7,"45486,00%",12
Togo,2004,29.3,"45380,00%",3
Trinidad and Tobago,2004,11.5,"45423,00%",11
Turkmenistan,2004,4.5,"45416,00%",19
Uganda,2004,15.9,"45550,00%",10
United Arab Emirates,2004,6.6,"45449,00%",17
Upper-middle-income economies (FAO),2004,7.6,"45450,00%",17
Uzbekistan,2004,16.8,"45520,00%",9
Vanuatu,2004,6.8,"45510,00%",21
Venezuela,2004,9.9,"45544,00%",9
Vietnam,2004,15.3,"45366,00%",9
Western Africa (FAO),2004,12.9,"45547,00%",14
Western Asia (FAO),2004,8.1,"45299,00%",20
Yemen,2004,27.9,"45562,00%",7
Africa (FAO),2005,19.2,"45341,00%",10
Albania,2005,8.9,"45543,00%",14
Algeria,2005,6.7,"45479,00%",20
Americas (FAO),2005,5.8,"45509,00%",32
Argentina,2005,3.8,"45507,00%",26
Armenia,2005,12.3,"45363,00%",7
Asia (FAO),2005,13.9,"45548,00%",9
Azerbaijan,2005,4.7,"45477,00%",26
Bangladesh,2005,13.7,"45486,00%",12
Belize,2005,5.5,"45417,00%",19
Benin,2005,12,"12,00%",6
Bolivia,2005,27.1,"45318,00%",7
Botswana,2005,22.9,"45557,00%",9
Brazil,2005,6.5,"45418,00%",18
Burkina Faso,2005,17.8,"45521,00%",11
Cambodia,2005,17.8,"45521,00%",11
Cameroon,2005,15.8,"45519,00%",11
Cape Verde,2005,11.2,"45333,00%",8
Caribbean (FAO),2005,18.4,"45400,00%",6
Central African Republic,2005,38.9,0.00%,3
Central Asia (FAO),2005,13.8,"45517,00%",6
China,2005,7.1,"45298,00%",21
Colombia,2005,11.5,"45423,00%",11
Costa Rica,2005,4.3,"45355,00%",23
Cote d'Ivoire,2005,16.9,"45551,00%",7
Croatia,2005,2.5,"45414,00%",1240
Cyprus,2005,7.7,"45480,00%",19
Djibouti,2005,30.2,0.00%,5
Dominica,2005,5.2,"45327,00%",24
Dominican Republic,2005,19.4,"45401,00%",11
East Timor,2005,33.1,0.00%,4
Eastern Africa (FAO),2005,31.7,"45504,00%",2
Eastern Asia (FAO),2005,6.8,"45510,00%",21
Eastern Asia and South-eastern Asia (FAO),2005,9.6,"45452,00%",14
Ecuador,2005,22.3,"45373,00%",8
Egypt,2005,6.4,"45388,00%",24
El Salvador,2005,9.2,"45331,00%",10
Estonia,2005,2.5,"45414,00%",1240
Eswatini,2005,9.6,"45452,00%",14
Fiji,2005,3.5,"45415,00%",25
Gabon,2005,14.4,"45396,00%",16
Gambia,2005,21.5,"45433,00%",5
Georgia,2005,3.9,"45538,00%",26
Ghana,2005,11.1,"45302,00%",15
Guinea,2005,14.9,"45549,00%",14
Guyana,2005,7.1,"45298,00%",21
Honduras,2005,22.6,"45465,00%",5
Indonesia,2005,19.3,"45370,00%",8
Iran,2005,5.4,"45387,00%",33
Iraq,2005,17.8,"45521,00%",11
Jamaica,2005,7.9,"45542,00%",22
Kazakhstan,2005,7.2,"45329,00%",11
Kenya,2005,28.4,"45410,00%",12
Kiribati,2005,6.1,"45297,00%",27
Kyrgyzstan,2005,8,"8,00%",12
Land Locked Developing Countries (FAO),2005,24.6,"45467,00%",5
Laos,2005,22.7,"45495,00%",12
Latin America and the Caribbean (FAO),2005,9.3,"45360,00%",16
Least Developed Countries (FAO),2005,26.5,"45438,00%",3
Lesotho,2005,13.9,"45548,00%",9
Libya,2005,4.7,"45477,00%",26
Low Income Food Deficit Countries (FAO),2005,24.1,"45315,00%",6
Low income economies (FAO),2005,29.2,"45351,00%",4
Lower-middle-income economies (FAO),2005,18.6,"45461,00%",7
Macao,2005,15.9,"45550,00%",10
Malawi,2005,21.9,"45556,00%",9
Malaysia,2005,3.1,"45294,00%",26
Mali,2005,13.6,"45456,00%",9
Mauritania,2005,9.1,"45300,00%",12
Mauritius,2005,5.1,"45296,00%",29
Melanesia,2005,24.2,"45346,00%",10
Mexico,2005,4.4,"45386,00%",21
Middle Africa (FAO),2005,31.9,0.00%,6
Moldova,2005,33.4,0.00%,2
Mongolia,2005,28.8,"45532,00%",3
Montenegro,2005,5.4,"45387,00%",33
Morocco,2005,5.5,"45417,00%",19
Mozambique,2005,33.8,0.00%,1
Myanmar,2005,29,"29,00%",4
Namibia,2005,20.3,"45371,00%",8
Nepal,2005,17,"17,00%",5
Nicaragua,2005,22.9,"45557,00%",9
Niger,2005,19.1,"45310,00%",12
Nigeria,2005,7,"7,00%",26
North Macedonia,2005,4.9,"45539,00%",19
Oman,2005,9.4,"45391,00%",9
Pakistan,2005,17.1,"45308,00%",5
Panama,2005,21.6,"45464,00%",8
Papua New Guinea,2005,28,"28,00%",1
Paraguay,2005,9.3,"45360,00%",16
Peru,2005,18.7,"45491,00%",11
Philippines,2005,14.6,"45457,00%",9
Polynesia,2005,3.4,"45385,00%",20
Rwanda,2005,34.3,0.00%,4
Saint Vincent and the Grenadines,2005,8.5,"45420,00%",10
Sao Tome and Principe,2005,10.3,"45361,00%",10
Saudi Arabia,2005,4.9,"45539,00%",19
Senegal,2005,18.1,"45309,00%",6
Serbia,2005,2.5,"45414,00%",1240
Slovakia,2005,5.5,"45417,00%",19
South America (FAO),2005,8.8,"45512,00%",12
South-eastern Asia (FAO),2005,17.3,"45368,00%",13
Southern Asia (FAO),2005,20.2,"45342,00%",4
Sri Lanka,2005,13.9,"45548,00%",9
Sub-Saharan Africa (FAO),2005,22.5,"45434,00%",9
Suriname,2005,9.8,"45513,00%",11
Syria,2005,4.9,"45539,00%",19
Taiwan,2005,4.3,"45355,00%",23
Tajikistan,2005,37.6,0.00%,1
Tanzania,2005,28.1,"45319,00%",5
Thailand,2005,11.9,"45546,00%",9
Togo,2005,28.3,"45379,00%",4
Trinidad and Tobago,2005,11.2,"45333,00%",8
Tunisia,2005,4.3,"45355,00%",23
Turkmenistan,2005,4.2,"45326,00%",18
United Arab Emirates,2005,7.6,"45450,00%",17
Upper-middle-income economies (FAO),2005,6.8,"45510,00%",21
Uruguay,2005,2.9,"45537,00%",9
Uzbekistan,2005,14.8,"45518,00%",11
Venezuela,2005,8.3,"45359,00%",14
Vietnam,2005,15.2,"45337,00%",8
Western Africa (FAO),2005,12.2,"45334,00%",10
Western Asia (FAO),2005,7.9,"45542,00%",22
World,2005,12.1,"45303,00%",11
Yemen,2005,27.3,"45378,00%",2
Zimbabwe,2005,30,"30,00%",5
Afghanistan,2006,31.9,0.00%,6
Africa (FAO),2006,18.7,"45491,00%",11
Albania,2006,8.8,"45512,00%",12
Algeria,2006,6.4,"45388,00%",24
Americas (FAO),2006,5.5,"45417,00%",19
Argentina,2006,3.5,"45415,00%",25
Armenia,2006,9.4,"45391,00%",9
Asia (FAO),2006,12.6,"45455,00%",6
Azerbaijan,2006,2.8,"45506,00%",31
Bangladesh,2006,13.2,"45335,00%",12
Barbados,2006,5.1,"45296,00%",29
Benin,2006,11,"11,00%",12
Bolivia,2006,24.8,"45528,00%",5
Botswana,2006,22.6,"45465,00%",5
Brazil,2006,6.2,"45328,00%",23
Bulgaria,2006,5,"5,00%",28
Burkina Faso,2006,17.4,"45399,00%",6
Cambodia,2006,16.4,"45398,00%",12
Cameroon,2006,14,"14,00%",13
Cape Verde,2006,11.5,"45423,00%",11
Caribbean (FAO),2006,17.5,"45429,00%",8
Central Asia (FAO),2006,12.5,"45424,00%",8
China,2006,6.1,"45297,00%",27
Colombia,2006,11.7,"45484,00%",8
Comoros,2006,17.5,"45429,00%",8
Congo,2006,37.2,0.00%,1
Costa Rica,2006,3.9,"45538,00%",26
Cote d'Ivoire,2006,17,"17,00%",5
Djibouti,2006,25.8,"45529,00%",3
Dominican Republic,2006,16.6,"45459,00%",8
Eastern Africa (FAO),2006,31.3,"45382,00%",5
Eastern Asia (FAO),2006,6.3,"45357,00%",37
Eastern Asia and South-eastern Asia (FAO),2006,9,"9,00%",7
El Salvador,2006,9.4,"45391,00%",9
Eswatini,2006,10.7,"45483,00%",9
Ethiopia,2006,35.6,0.00%,4
Gabon,2006,14.8,"45518,00%",11
Ghana,2006,10.4,"45392,00%",10
Guatemala,2006,18.3,"45369,00%",9
Guinea,2006,14,"14,00%",13
Guinea-Bissau,2006,16.3,"45367,00%",8
Honduras,2006,22.1,"45313,00%",6
India,2006,19.4,"45401,00%",11
Iran,2006,5.8,"45509,00%",32
Jamaica,2006,8.1,"45299,00%",20
Kazakhstan,2006,6.2,"45328,00%",23
Kenya,2006,26.1,"45317,00%",6
Kiribati,2006,6.4,"45388,00%",24
Kyrgyzstan,2006,8.6,"45451,00%",12
Land Locked Developing Countries (FAO),2006,24.3,"45375,00%",4
Laos,2006,20.8,"45524,00%",9
Latin America and the Caribbean (FAO),2006,8.7,"45481,00%",11
Least Developed Countries (FAO),2006,25.9,"45560,00%",2
Lesotho,2006,12.9,"45547,00%",14
Libya,2006,5,"5,00%",28
Low Income Food Deficit Countries (FAO),2006,23.6,"45466,00%",3
Low income economies (FAO),2006,28.9,"45563,00%",2
Lower-middle-income economies (FAO),2006,16.9,"45551,00%",7
Macao,2006,15.1,"45306,00%",8
Malawi,2006,20.1,"45311,00%",6
Malaysia,2006,3.3,"45354,00%",22
Mali,2006,12.1,"45303,00%",11
Mauritania,2006,8.4,"45390,00%",16
Mauritius,2006,5,"5,00%",28
Melanesia,2006,22.1,"45313,00%",6
Mexico,2006,4.1,"45295,00%",29
Mongolia,2006,26.8,"45530,00%",5
Montenegro,2006,3.1,"45294,00%",26
Morocco,2006,5.8,"45509,00%",32
Mozambique,2006,33,"33,00%",11
Myanmar,2006,25.7,"45498,00%",4
Namibia,2006,22.4,"45404,00%",7
Nepal,2006,16.1,"45307,00%",13
New Caledonia,2006,9.9,"45544,00%",9
Nicaragua,2006,21.9,"45556,00%",9
Niger,2006,19.2,"45341,00%",10
Nigeria,2006,6.6,"45449,00%",17
North Korea,2006,36.7,0.00%,3
North Macedonia,2006,4.4,"45386,00%",21
Oman,2006,9.3,"45360,00%",16
Pakistan,2006,15.9,"45550,00%",10
Panama,2006,18.5,"45430,00%",10
Papua New Guinea,2006,27.9,"45562,00%",7
Paraguay,2006,9.5,"45421,00%",10
Peru,2006,15.6,"45458,00%",15
Philippines,2006,13.4,"45395,00%",9
Polynesia,2006,3.8,"45507,00%",26
Saint Vincent and the Grenadines,2006,7.8,"45511,00%",10
Samoa,2006,3.2,"45325,00%",22
Sao Tome and Principe,2006,10.4,"45392,00%",10
Saudi Arabia,2006,4.7,"45477,00%",26
Senegal,2006,16.5,"45428,00%",9
Slovakia,2006,5.6,"45448,00%",32
Small Island Developing States (FAO),2006,16.7,"45489,00%",3
South Africa,2006,3.5,"45415,00%",25
South America (FAO),2006,8.3,"45359,00%",14
South-eastern Asia (FAO),2006,16.5,"45428,00%",9
Southern Africa (FAO),2006,5.3,"45356,00%",21
Southern Asia (FAO),2006,18,"18,00%",9
Sri Lanka,2006,13.2,"45335,00%",12
Sub-Saharan Africa (FAO),2006,22,"22,00%",8
Suriname,2006,8.9,"45543,00%",14
Syria,2006,4.5,"45416,00%",19
Taiwan,2006,4.4,"45386,00%",21
Tajikistan,2006,35.8,0.00%,3
Tanzania,2006,25.6,"45468,00%",5
Thailand,2006,10.6,"45453,00%",13
Togo,2006,27.8,"45531,00%",6
Trinidad and Tobago,2006,10.7,"45483,00%",9
Turkmenistan,2006,4,"4,00%",20
Uganda,2006,18.5,"45430,00%",10
United Arab Emirates,2006,8,"8,00%",12
Upper-middle-income economies (FAO),2006,6.2,"45328,00%",23
Uruguay,2006,2.5,"45414,00%",1240
Uzbekistan,2006,12.7,"45485,00%",9
Vanuatu,2006,6.4,"45388,00%",24
Venezuela,2006,7,"7,00%",26
Vietnam,2006,15,"15,00%",8
Western Africa (FAO),2006,11.4,"45393,00%",4
Western Asia (FAO),2006,7.4,"45389,00%",18
World,2006,11.2,"45333,00%",8
Yemen,2006,26.1,"45317,00%",6
Zimbabwe,2006,29.3,"45380,00%",3
Afghanistan,2007,28.6,"45471,00%",4
Albania,2007,8.3,"45359,00%",14
Algeria,2007,5.9,"45540,00%",28
Americas (FAO),2007,5.2,"45327,00%",24
Angola,2007,46.7,0.00%,3
Argentina,2007,3.4,"45385,00%",20
Armenia,2007,7.1,"45298,00%",21
Asia (FAO),2007,11.1,"45302,00%",15
Azerbaijan,2007,2.5,"45414,00%",1240
Benin,2007,10.1,"45301,00%",7
Bolivia,2007,24.2,"45346,00%",10
Botswana,2007,22.5,"45434,00%",9
Brazil,2007,5.6,"45448,00%",32
Bulgaria,2007,4.6,"45447,00%",19
Burkina Faso,2007,16.1,"45307,00%",13
Cambodia,2007,15.6,"45458,00%",15
Cameroon,2007,12.5,"45424,00%",8
Cape Verde,2007,12.4,"45394,00%",8
Caribbean (FAO),2007,17,"17,00%",5
Central African Republic,2007,35,"35,00%",7
Central America (FAO),2007,7.2,"45329,00%",11
Central Asia (FAO),2007,11.6,"45454,00%",11
Chad,2007,39.4,0.00%,1
China,2007,5,"5,00%",28
Colombia,2007,11.3,"45362,00%",13
Comoros,2007,18.7,"45491,00%",11
Congo,2007,36,"36,00%",2
Costa Rica,2007,3.7,"45476,00%",24
Cote d'Ivoire,2007,18,"18,00%",9
Cyprus,2007,7.1,"45298,00%",21
Djibouti,2007,23.3,"45374,00%",6
Dominica,2007,4.5,"45416,00%",19
Dominican Republic,2007,16.4,"45398,00%",12
East Timor,2007,32.4,0.00%,3
Eastern Asia (FAO),2007,5.2,"45327,00%",24
Eastern Asia and South-eastern Asia (FAO),2007,7.9,"45542,00%",22
Ecuador,2007,22,"22,00%",8
Egypt,2007,5.6,"45448,00%",32
El Salvador,2007,9.7,"45482,00%",11
Eswatini,2007,11.3,"45362,00%",13
Ethiopia,2007,35,"35,00%",7
Gabon,2007,16,"16,00%",11
Gambia,2007,18.4,"45400,00%",6
Ghana,2007,9.2,"45331,00%",10
Guatemala,2007,18.7,"45491,00%",11
Guinea,2007,12.9,"45547,00%",14
Guinea-Bissau,2007,16.2,"45338,00%",11
Guyana,2007,7.6,"45450,00%",17
Honduras,2007,21.2,"45343,00%",2
India,2007,17.2,"45339,00%",7
Indonesia,2007,18.5,"45430,00%",10
Iran,2007,6.1,"45297,00%",27
Iraq,2007,17.7,"45490,00%",5
Jamaica,2007,8.8,"45512,00%",12
Kazakhstan,2007,5,"5,00%",28
Kenya,2007,27.1,"45318,00%",7
Kiribati,2007,7,"7,00%",26
Kyrgyzstan,2007,9.1,"45300,00%",12
Land Locked Developing Countries (FAO),2007,23.9,"45558,00%",4
Laos,2007,20.4,"45402,00%",3
Latin America and the Caribbean (FAO),2007,8.3,"45359,00%",14
Least Developed Countries (FAO),2007,24.8,"45528,00%",5
Lesotho,2007,12.4,"45394,00%",8
Liberia,2007,31.3,"45382,00%",5
Libya,2007,5.3,"45356,00%",21
Low Income Food Deficit Countries (FAO),2007,23,"23,00%",8
Low income economies (FAO),2007,28.6,"45471,00%",4
Lower-middle-income economies (FAO),2007,15.2,"45337,00%",8
Macao,2007,14.9,"45549,00%",14
Madagascar,2007,30.9,"45565,00%",2
Malawi,2007,18.6,"45461,00%",7
Malaysia,2007,3.5,"45415,00%",25
Mali,2007,10.7,"45483,00%",9
Middle Africa (FAO),2007,30.5,"45442,00%",4
Mongolia,2007,24.7,"45497,00%",4
Montenegro,2007,2.5,"45414,00%",1240
Mozambique,2007,30.5,"45442,00%",4
Myanmar,2007,21.6,"45464,00%",8
Namibia,2007,26.1,"45317,00%",6
Nepal,2007,14.9,"45549,00%",14
Nicaragua,2007,21.4,"45403,00%",12
Niger,2007,18.5,"45430,00%",10
Nigeria,2007,6.4,"45388,00%",24
North Macedonia,2007,3.5,"45415,00%",25
Northern Africa (FAO),2007,5.6,"45448,00%",32
Oceania (FAO),2007,6.8,"45510,00%",21
Oman,2007,9.2,"45331,00%",10
Pakistan,2007,15.3,"45366,00%",9
Panama,2007,16.1,"45307,00%",13
Papua New Guinea,2007,27.2,"45349,00%",5
Paraguay,2007,9.2,"45331,00%",10
Peru,2007,13.6,"45456,00%",9
Philippines,2007,12.2,"45334,00%",10
Rwanda,2007,31.3,"45382,00%",5
Saint Vincent and the Grenadines,2007,7.3,"45358,00%",17
Samoa,2007,3.4,"45385,00%",20
Sao Tome and Principe,2007,11.3,"45362,00%",13
Saudi Arabia,2007,5.1,"45296,00%",29
Senegal,2007,13.6,"45456,00%",9
Seychelles,2007,2.8,"45506,00%",31
Slovakia,2007,5.4,"45387,00%",33
Small Island Developing States (FAO),2007,16.5,"45428,00%",9
Solomon Islands,2007,12.1,"45303,00%",11
South America (FAO),2007,7.8,"45511,00%",10
South-eastern Asia (FAO),2007,15.1,"45306,00%",8
Southern Africa (FAO),2007,5.5,"45417,00%",19
Southern Asia (FAO),2007,15.6,"45458,00%",15
Sri Lanka,2007,11.8,"45515,00%",7
Syria,2007,4.2,"45326,00%",18
Taiwan,2007,4.7,"45477,00%",26
Tanzania,2007,25.4,"45407,00%",3
Thailand,2007,10.2,"45332,00%",8
Togo,2007,26.7,"45499,00%",7
Tunisia,2007,4,"4,00%",20
Uganda,2007,20.1,"45311,00%",6
United Arab Emirates,2007,7.9,"45542,00%",22
Upper-middle-income economies (FAO),2007,5.4,"45387,00%",33
Uzbekistan,2007,11.5,"45423,00%",11
Vanuatu,2007,6.1,"45297,00%",27
Venezuela,2007,4.7,"45477,00%",26
Vietnam,2007,13.8,"45517,00%",6
Western Africa (FAO),2007,11.1,"45302,00%",15
Western Asia (FAO),2007,7,"7,00%",26
World,2007,10.3,"45361,00%",10
Yemen,2007,25.6,"45468,00%",5
Zimbabwe,2007,28.7,"45501,00%",2
Afghanistan,2008,25.4,"45407,00%",3
Africa (FAO),2008,18.3,"45369,00%",9
Algeria,2008,5.6,"45448,00%",32
Americas (FAO),2008,4.9,"45539,00%",19
Angola,2008,43.6,0.00%,2
Armenia,2008,5.8,"45509,00%",32
Asia (FAO),2008,10.3,"45361,00%",10
Bangladesh,2008,12.9,"45547,00%",14
Barbados,2008,4.7,"45477,00%",26
Belize,2008,6.7,"45479,00%",20
Benin,2008,9.1,"45300,00%",12
Bolivia,2008,24.9,"45559,00%",1
Botswana,2008,22.3,"45373,00%",8
Brazil,2008,5.1,"45296,00%",29
Burkina Faso,2008,15.4,"45397,00%",11
Cambodia,2008,15.2,"45337,00%",8
Cameroon,2008,11.1,"45302,00%",15
Cape Verde,2008,13.3,"45364,00%",11
Caribbean (FAO),2008,17.6,"45460,00%",11
Central African Republic,2008,32.6,0.00%,4
Central America (FAO),2008,7.9,"45542,00%",22
Central Asia (FAO),2008,11.3,"45362,00%",13
Chad,2008,40.2,0.00%,3
Chile,2008,3.6,"45446,00%",26
China,2008,3.9,"45538,00%",26
Comoros,2008,20,"20,00%",5
Cote d'Ivoire,2008,18.9,"45553,00%",10
Cyprus,2008,6.7,"45479,00%",20
Djibouti,2008,21.3,"45372,00%",9
Dominican Republic,2008,16.2,"45338,00%",11
East Timor,2008,33,"33,00%",11
Eastern Africa (FAO),2008,31.1,"45322,00%",3
Eastern Asia (FAO),2008,4.1,"45295,00%",29
Eastern Asia and South-eastern Asia (FAO),2008,6.9,"45541,00%",23
Ecuador,2008,21.1,"45312,00%",8
Egypt,2008,5.5,"45417,00%",19
El Salvador,2008,10,"10,00%",10
Eswatini,2008,11.6,"45454,00%",11
Gabon,2008,16.8,"45520,00%",9
Gambia,2008,15.4,"45397,00%",11
Georgia,2008,3.5,"45415,00%",25
Ghana,2008,8.1,"45299,00%",20
Guatemala,2008,18.2,"45340,00%",11
Guinea,2008,12.2,"45334,00%",10
Haiti,2008,47,"47,00%",1
Honduras,2008,21,"21,00%",5
India,2008,16.2,"45338,00%",11
Indonesia,2008,17.4,"45399,00%",6
Iraq,2008,16.9,"45551,00%",7
Jamaica,2008,9.4,"45391,00%",9
Kazakhstan,2008,4.2,"45326,00%",18
Kenya,2008,27,"27,00%",5
Kiribati,2008,7.3,"45358,00%",17
Kyrgyzstan,2008,8.5,"45420,00%",10
Land Locked Developing Countries (FAO),2008,22.6,"45465,00%",5
Laos,2008,18.6,"45461,00%",7
Latin America and the Caribbean (FAO),2008,7.7,"45480,00%",19
Least Developed Countries (FAO),2008,24.1,"45315,00%",6
Lesotho,2008,12.3,"45363,00%",7
Liberia,2008,29.5,"45441,00%",3
Libya,2008,5.6,"45448,00%",32
Low Income Food Deficit Countries (FAO),2008,22.8,"45526,00%",6
Low income economies (FAO),2008,27.4,"45409,00%",1
Lower-middle-income economies (FAO),2008,14.7,"45487,00%",11
Macao,2008,14.5,"45426,00%",11
Madagascar,2008,30.7,"45503,00%",4
Malawi,2008,18.3,"45369,00%",9
Mali,2008,9.6,"45452,00%",14
Mauritania,2008,6.9,"45541,00%",23
Melanesia,2008,22.7,"45495,00%",12
Middle Africa (FAO),2008,29.6,"45472,00%",4
Moldova,2008,27.7,"45500,00%",4
Mongolia,2008,21.9,"45556,00%",9
Morocco,2008,5.7,"45478,00%",29
Mozambique,2008,29.2,"45351,00%",4
Myanmar,2008,18.1,"45309,00%",6
Namibia,2008,30.6,"45473,00%",2
Nepal,2008,13.1,"45304,00%",9
New Caledonia,2008,9.6,"45452,00%",14
Nicaragua,2008,20.9,"45555,00%",8
Niger,2008,17.8,"45521,00%",11
Nigeria,2008,6.7,"45479,00%",20
North Macedonia,2008,2.8,"45506,00%",31
Northern Africa (FAO),2008,5.3,"45356,00%",21
Oceania (FAO),2008,6.5,"45418,00%",18
Oman,2008,9,"9,00%",7
Pakistan,2008,15.2,"45337,00%",8
Panama,2008,14.1,"45305,00%",11
Papua New Guinea,2008,27.6,"45470,00%",4
Peru,2008,11.4,"45393,00%",4
Philippines,2008,11.3,"45362,00%",13
Rwanda,2008,28.6,"45471,00%",4
Saint Vincent and the Grenadines,2008,6.9,"45541,00%",23
Samoa,2008,3.5,"45415,00%",25
Sao Tome and Principe,2008,12.8,"45516,00%",7
Saudi Arabia,2008,5.8,"45509,00%",32
Senegal,2008,11.8,"45515,00%",7
Slovakia,2008,4.9,"45539,00%",19
Solomon Islands,2008,12.8,"45516,00%",7
South America (FAO),2008,6.6,"45449,00%",17
South-eastern Asia (FAO),2008,14.3,"45365,00%",7
Southern Asia (FAO),2008,15.1,"45306,00%",8
Sri Lanka,2008,10.8,"45514,00%",15
Sub-Saharan Africa (FAO),2008,21.5,"45433,00%",5
Suriname,2008,8.4,"45390,00%",16
Syria,2008,3.9,"45538,00%",26
Togo,2008,25.8,"45529,00%",3
Trinidad and Tobago,2008,9.7,"45482,00%",11
Tunisia,2008,3.8,"45507,00%",26
Turkmenistan,2008,3.9,"45538,00%",26
Uganda,2008,20.7,"45493,00%",10
United Arab Emirates,2008,7.4,"45389,00%",18
Upper-middle-income economies (FAO),2008,4.5,"45416,00%",19
Uzbekistan,2008,11.3,"45362,00%",13
Vanuatu,2008,6,"6,00%",23
Venezuela,2008,2.8,"45506,00%",31
Vietnam,2008,12.6,"45455,00%",6
Western Africa (FAO),2008,10.5,"45422,00%",8
World,2008,9.7,"45482,00%",11
Yemen,2008,25.4,"45407,00%",3
Zambia,2008,54,"54,00%",2
Afghanistan,2009,22.2,"45344,00%",8
Africa (FAO),2009,17.8,"45521,00%",11
Albania,2009,6.1,"45297,00%",27
Algeria,2009,5.1,"45296,00%",29
Angola,2009,32.6,0.00%,4
Armenia,2009,3.9,"45538,00%",26
Asia (FAO),2009,10.2,"45332,00%",8
Barbados,2009,3.9,"45538,00%",26
Belize,2009,6.4,"45388,00%",24
Bolivia,2009,23.5,"45435,00%",4
Botswana,2009,22.4,"45404,00%",7
Brazil,2009,4.3,"45355,00%",23
Burkina Faso,2009,14.6,"45457,00%",9
Cambodia,2009,13.5,"45425,00%",12
Cameroon,2009,8.2,"45330,00%",9
Cape Verde,2009,15.7,"45488,00%",10
Caribbean (FAO),2009,16.6,"45459,00%",8
Central Asia (FAO),2009,11,"11,00%",12
Chile,2009,3.7,"45476,00%",24
China,2009,2.8,"45506,00%",31
Colombia,2009,11.4,"45393,00%",4
Costa Rica,2009,4.2,"45326,00%",18
Cote d'Ivoire,2009,18.3,"45369,00%",9
Cyprus,2009,5,"5,00%",28
Djibouti,2009,24.1,"45315,00%",6
Dominica,2009,4.2,"45326,00%",18
Dominican Republic,2009,15.5,"45427,00%",7
Eastern Africa (FAO),2009,29.6,"45472,00%",4
Eastern Asia (FAO),2009,3.6,"45446,00%",26
Eastern Asia and South-eastern Asia (FAO),2009,6.2,"45328,00%",23
Ecuador,2009,15.8,"45519,00%",11
El Salvador,2009,9.9,"45544,00%",9
Eswatini,2009,16.4,"45398,00%",12
Ethiopia,2009,28.2,"45350,00%",3
Fiji,2009,5.4,"45387,00%",33
Gabon,2009,17.3,"45368,00%",13
Gambia,2009,14,"14,00%",13
Georgia,2009,3.7,"45476,00%",24
Ghana,2009,6.6,"45449,00%",17
Guatemala,2009,17.5,"45429,00%",8
Guinea,2009,14.1,"45305,00%",11
Guinea-Bissau,2009,19.8,"45523,00%",10
Guyana,2009,8.8,"45512,00%",12
Haiti,2009,44,"44,00%",1
Honduras,2009,18.6,"45461,00%",7
India,2009,16,"16,00%",11
Indonesia,2009,15.6,"45458,00%",15
Iran,2009,6.2,"45328,00%",23
Iraq,2009,15.9,"45550,00%",10
Jamaica,2009,9.3,"45360,00%",16
Japan,2009,2.6,"45445,00%",22
Kazakhstan,2009,3.7,"45476,00%",24
Kenya,2009,24.3,"45375,00%",4
Kiribati,2009,10.4,"45392,00%",10
Land Locked Developing Countries (FAO),2009,21.5,"45433,00%",5
Laos,2009,17.3,"45368,00%",13
Least Developed Countries (FAO),2009,23.2,"45345,00%",4
Lesotho,2009,12,"12,00%",6
Liberia,2009,30.6,"45473,00%",2
Libya,2009,6.7,"45479,00%",20
Low Income Food Deficit Countries (FAO),2009,21.9,"45556,00%",9
Low income economies (FAO),2009,26.7,"45499,00%",7
Macao,2009,13.1,"45304,00%",9
Madagascar,2009,29.9,"45564,00%",3
Malawi,2009,16.1,"45307,00%",13
Malaysia,2009,4.3,"45355,00%",23
Mali,2009,7.8,"45511,00%",10
Mauritania,2009,7,"7,00%",26
Melanesia,2009,23.4,"45405,00%",7
Mexico,2009,4.5,"45416,00%",19
Middle Africa (FAO),2009,29,"29,00%",4
Moldova,2009,19.9,"45554,00%",7
Mongolia,2009,19.3,"45370,00%",8
Mozambique,2009,23.9,"45558,00%",4
Myanmar,2009,13.4,"45395,00%",9
Namibia,2009,31.9,0.00%,6
Nepal,2009,11.3,"45362,00%",13
New Caledonia,2009,8.7,"45481,00%",11
Nicaragua,2009,20.7,"45493,00%",10
Niger,2009,15.8,"45519,00%",11
Nigeria,2009,7.5,"45419,00%",15
North Macedonia,2009,3.2,"45325,00%",22
Northern Africa (FAO),2009,5.5,"45417,00%",19
Oman,2009,6.9,"45541,00%",23
Panama,2009,12.1,"45303,00%",11
Papua New Guinea,2009,26.9,"45561,00%",3
Paraguay,2009,7.2,"45329,00%",11
Peru,2009,9.5,"45421,00%",10
Philippines,2009,11.8,"45515,00%",7
Rwanda,2009,29,"29,00%",4
Saint Vincent and the Grenadines,2009,6.5,"45418,00%",18
Samoa,2009,4.3,"45355,00%",23
Sao Tome and Principe,2009,14,"14,00%",13
Saudi Arabia,2009,7.1,"45298,00%",21
Senegal,2009,10.7,"45483,00%",9
Seychelles,2009,3.3,"45354,00%",22
Sierra Leone,2009,33.5,0.00%,4
Slovakia,2009,4.7,"45477,00%",26
Small Island Developing States (FAO),2009,16.1,"45307,00%",13
Solomon Islands,2009,13.7,"45486,00%",12
Somalia,2009,70.9,0.00%,1
South Africa,2009,4.1,"45295,00%",29
South America (FAO),2009,6.7,"45479,00%",20
South-eastern Asia (FAO),2009,13.2,"45335,00%",12
Southern Africa (FAO),2009,5.8,"45509,00%",32
Southern Asia (FAO),2009,15.5,"45427,00%",7
Sri Lanka,2009,11.5,"45423,00%",11
Sub-Saharan Africa (FAO),2009,20.8,"45524,00%",9
Suriname,2009,8.1,"45299,00%",20
Syria,2009,4.1,"45295,00%",29
Taiwan,2009,4.8,"45508,00%",22
Tajikistan,2009,30.7,"45503,00%",4
Thailand,2009,10.1,"45301,00%",7
Togo,2009,23.3,"45374,00%",6
Trinidad and Tobago,2009,10.6,"45453,00%",13
Tunisia,2009,3.6,"45446,00%",26
Turkmenistan,2009,4.9,"45539,00%",19
Uganda,2009,19.4,"45401,00%",11
Upper-middle-income economies (FAO),2009,4.1,"45295,00%",29
Uzbekistan,2009,8.6,"45451,00%",12
Vanuatu,2009,7.6,"45450,00%",17
Venezuela,2009,2.5,"45414,00%",1240
Vietnam,2009,11.1,"45302,00%",15
Western Africa (FAO),2009,10.6,"45453,00%",13
Western Asia (FAO),2009,7.1,"45298,00%",21
World,2009,9.6,"45452,00%",14
Yemen,2009,23.4,"45405,00%",7
Zimbabwe,2009,27.8,"45531,00%",6
Afghanistan,2010,20.5,"45432,00%",8
Africa (FAO),2010,15.1,"45306,00%",8
Albania,2010,5.4,"45387,00%",33
Algeria,2010,4.3,"45355,00%",23
Americas (FAO),2010,3.9,"45538,00%",26
Angola,2010,22.6,"45465,00%",5
Armenia,2010,2.8,"45506,00%",31
Asia (FAO),2010,9.3,"45360,00%",16
Bangladesh,2010,15.2,"45337,00%",8
Barbados,2010,3.2,"45325,00%",22
Belize,2010,5.8,"45509,00%",32
Benin,2010,8.6,"45451,00%",12
Bolivia,2010,21.3,"45372,00%",9
Brazil,2010,3.7,"45476,00%",24
Burkina Faso,2010,14.5,"45426,00%",11
Cambodia,2010,11.1,"45302,00%",15
Cameroon,2010,5.9,"45540,00%",28
Cape Verde,2010,17,"17,00%",5
Caribbean (FAO),2010,14.7,"45487,00%",11
Central America (FAO),2010,6.8,"45510,00%",21
Central Asia (FAO),2010,6.6,"45449,00%",17
Chad,2010,30.2,0.00%,5
China,2010,2.5,"45414,00%",1240
Comoros,2010,16.2,"45338,00%",11
Costa Rica,2010,4.6,"45447,00%",19
Cote d'Ivoire,2010,16.4,"45398,00%",12
Cyprus,2010,3.3,"45354,00%",22
Democratic Republic of Congo,2010,28.1,"45319,00%",5
Djibouti,2010,26.5,"45438,00%",3
Dominican Republic,2010,13.5,"45425,00%",12
Eastern Africa (FAO),2010,23.8,"45527,00%",7
Eastern Asia (FAO),2010,2.5,"45414,00%",1240
Eastern Asia and South-eastern Asia (FAO),2010,4.8,"45508,00%",22
Ecuador,2010,12,"12,00%",6
Egypt,2010,5.1,"45296,00%",29
Eswatini,2010,19.7,"45492,00%",6
Ethiopia,2010,24.2,"45346,00%",10
Fiji,2010,6.9,"45541,00%",23
French Polynesia,2010,4.5,"45416,00%",19
Gabon,2010,16.6,"45459,00%",8
Gambia,2010,13.1,"45304,00%",9
Georgia,2010,4.2,"45326,00%",18
Ghana,2010,6.2,"45328,00%",23
Guatemala,2010,15.8,"45519,00%",11
Guinea,2010,15.4,"45397,00%",11
Guinea-Bissau,2010,23.8,"45527,00%",7
Guyana,2010,9.4,"45391,00%",9
Honduras,2010,16.4,"45398,00%",12
India,2010,15.7,"45488,00%",10
Indonesia,2010,13.2,"45335,00%",12
Iran,2010,7.1,"45298,00%",21
Iraq,2010,14.7,"45487,00%",11
Jamaica,2010,8.7,"45481,00%",11
Japan,2010,2.8,"45506,00%",31
Kazakhstan,2010,3.1,"45294,00%",26
Kenya,2010,21.3,"45372,00%",9
Kiribati,2010,12.6,"45455,00%",6
Kyrgyzstan,2010,7.4,"45389,00%",18
Land Locked Developing Countries (FAO),2010,16.3,"45367,00%",8
Laos,2010,14.5,"45426,00%",11
Latin America and the Caribbean (FAO),2010,6.2,"45328,00%",23
Least Developed Countries (FAO),2010,19.6,"45462,00%",5
Lesotho,2010,11.8,"45515,00%",7
Libya,2010,7.1,"45298,00%",21
Low Income Food Deficit Countries (FAO),2010,19.2,"45341,00%",10
Low income economies (FAO),2010,22.3,"45373,00%",8
Lower-middle-income economies (FAO),2010,13.8,"45517,00%",6
Macao,2010,10.8,"45514,00%",15
Madagascar,2010,28.3,"45379,00%",4
Malawi,2010,14.2,"45336,00%",8
Malaysia,2010,4.7,"45477,00%",26
Mali,2010,6.3,"45357,00%",37
Mauritius,2010,4.7,"45477,00%",26
Melanesia,2010,23,"23,00%",8
Middle Africa (FAO),2010,22.5,"45434,00%",9
Moldova,2010,12.2,"45334,00%",10
Mongolia,2010,16,"16,00%",11
Morocco,2010,5.1,"45296,00%",29
Mozambique,2010,19.7,"45492,00%",6
Myanmar,2010,10.2,"45332,00%",8
Namibia,2010,30.4,"45412,00%",2
Nepal,2010,10.1,"45301,00%",7
New Caledonia,2010,8.1,"45299,00%",20
Nicaragua,2010,19.9,"45554,00%",7
Niger,2010,15.3,"45366,00%",9
Nigeria,2010,8.4,"45390,00%",16
North Korea,2010,39.7,0.00%,2
Northern Africa (FAO),2010,4.7,"45477,00%",26
Oman,2010,5.6,"45448,00%",32
Pakistan,2010,15.1,"45306,00%",8
Panama,2010,10.4,"45392,00%",10
Papua New Guinea,2010,26.1,"45317,00%",6
Paraguay,2010,4.7,"45477,00%",26
Peru,2010,8.4,"45390,00%",16
Philippines,2010,12.3,"45363,00%",7
Polynesia,2010,5.2,"45327,00%",24
Rwanda,2010,30.3,"45381,00%",2
Saint Vincent and the Grenadines,2010,6.3,"45357,00%",37
Samoa,2010,5.4,"45387,00%",33
Sao Tome and Principe,2010,15.4,"45397,00%",11
Saudi Arabia,2010,8.3,"45359,00%",14
Senegal,2010,10.8,"45514,00%",15
Seychelles,2010,4,"4,00%",20
Sierra Leone,2010,26.7,"45499,00%",7
Slovakia,2010,5.1,"45296,00%",29
Small Island Developing States (FAO),2010,15,"15,00%",8
Solomon Islands,2010,15.6,"45458,00%",15
South Africa,2010,4.7,"45477,00%",26
South America (FAO),2010,5.1,"45296,00%",29
South-eastern Asia (FAO),2010,11.1,"45302,00%",15
Southern Africa (FAO),2010,7.2,"45329,00%",11
Southern Asia (FAO),2010,15.4,"45397,00%",11
Sri Lanka,2010,13,"13,00%",4
Sub-Saharan Africa (FAO),2010,17.6,"45460,00%",11
Syria,2010,4.7,"45477,00%",26
Tajikistan,2010,26.8,"45530,00%",5
Tanzania,2010,23.8,"45527,00%",7
Thailand,2010,9.6,"45452,00%",14
Togo,2010,21.2,"45343,00%",2
Trinidad and Tobago,2010,11,"11,00%",12
Tunisia,2010,3.5,"45415,00%",25
Upper-middle-income economies (FAO),2010,3,"3,00%",18
Uzbekistan,2010,5.8,"45509,00%",32
Vanuatu,2010,9.3,"45360,00%",16
Vietnam,2010,9.9,"45544,00%",9
Western Africa (FAO),2010,10.8,"45514,00%",15
Western Asia (FAO),2010,6.5,"45418,00%",18
World,2010,8.6,"45451,00%",12
Yemen,2010,25.1,"45316,00%",4
Zambia,2010,44.1,0.00%,3
Zimbabwe,2010,26.3,"45377,00%",3
Afghanistan,2011,19.7,"45492,00%",6
Africa (FAO),2011,14.8,"45518,00%",11
Albania,2011,4.8,"45508,00%",22
Algeria,2011,3.7,"45476,00%",24
Americas (FAO),2011,3.7,"45476,00%",24
Angola,2011,14.2,"45336,00%",8
Armenia,2011,2.5,"45414,00%",1240
Asia (FAO),2011,8.8,"45512,00%",12
Bangladesh,2011,16.1,"45307,00%",13
Barbados,2011,2.5,"45414,00%",1240
Bolivia,2011,18.6,"45461,00%",7
Bosnia and Herzegovina,2011,3,"3,00%",18
Botswana,2011,22.7,"45495,00%",12
Brazil,2011,3.2,"45325,00%",22
Burkina Faso,2011,14.2,"45336,00%",8
Cambodia,2011,8.9,"45543,00%",14
Cameroon,2011,4,"4,00%",20
Cape Verde,2011,18.2,"45340,00%",11
Caribbean (FAO),2011,14.3,"45365,00%",7
Central America (FAO),2011,6.6,"45449,00%",17
Central Asia (FAO),2011,5.7,"45478,00%",29
Chad,2011,24.2,"45346,00%",10
Colombia,2011,9.9,"45544,00%",9
Comoros,2011,14,"14,00%",13
Congo,2011,38.8,0.00%,4
Cote d'Ivoire,2011,14.4,"45396,00%",16
Croatia,2011,2.7,"45475,00%",17
Cyprus,2011,2.5,"45414,00%",1240
Djibouti,2011,28.5,"45440,00%",4
Dominican Republic,2011,11.7,"45484,00%",8
East Timor,2011,31.9,0.00%,6
Eastern Africa (FAO),2011,23.2,"45345,00%",4
Eastern Asia and South-eastern Asia (FAO),2011,4.2,"45326,00%",18
Ecuador,2011,8.1,"45299,00%",20
Egypt,2011,4.9,"45539,00%",19
Eswatini,2011,22,"22,00%",8
Ethiopia,2011,20.3,"45371,00%",8
Fiji,2011,8.8,"45512,00%",12
French Polynesia,2011,4.8,"45508,00%",22
Gabon,2011,15.9,"45550,00%",10
Gambia,2011,12.9,"45547,00%",14
Georgia,2011,4.6,"45447,00%",19
Ghana,2011,6.3,"45357,00%",37
Guatemala,2011,15.3,"45366,00%",9
Guinea,2011,16.4,"45398,00%",12
Guinea-Bissau,2011,28.1,"45319,00%",5
Guyana,2011,9.5,"45421,00%",10
Haiti,2011,40.7,0.00%,3
Honduras,2011,14.1,"45305,00%",11
India,2011,15.4,"45397,00%",11
Indonesia,2011,11,"11,00%",12
Iran,2011,7.6,"45450,00%",17
Iraq,2011,15.1,"45306,00%",8
Kazakhstan,2011,2.6,"45445,00%",22
Kenya,2011,19.2,"45341,00%",10
Kiribati,2011,14.9,"45549,00%",14
Kyrgyzstan,2011,6.9,"45541,00%",23
Laos,2011,13.2,"45335,00%",12
Latin America and the Caribbean (FAO),2011,5.9,"45540,00%",28
Least Developed Countries (FAO),2011,19.5,"45431,00%",9
Lesotho,2011,12.5,"45424,00%",8
Liberia,2011,35.8,0.00%,3
Libya,2011,6.5,"45418,00%",18
Low income economies (FAO),2011,22.8,"45526,00%",6
Lower-middle-income economies (FAO),2011,13,"13,00%",4
Macao,2011,8.7,"45481,00%",11
Madagascar,2011,27.2,"45349,00%",5
Malawi,2011,12.1,"45303,00%",11
Malaysia,2011,5.2,"45327,00%",24
Mali,2011,5,"5,00%",28
Mauritania,2011,6.7,"45479,00%",20
Melanesia,2011,21.9,"45556,00%",9
Middle Africa (FAO),2011,21.7,"45494,00%",6
Moldova,2011,3.1,"45294,00%",26
Mongolia,2011,13.4,"45395,00%",9
Morocco,2011,4.6,"45447,00%",19
Mozambique,2011,16,"16,00%",11
Myanmar,2011,7.4,"45389,00%",18
Namibia,2011,25.9,"45560,00%",2
Nepal,2011,9.1,"45300,00%",12
New Caledonia,2011,7.9,"45542,00%",22
Nicaragua,2011,19.1,"45310,00%",12
Niger,2011,14.4,"45396,00%",16
Nigeria,2011,9.2,"45331,00%",10
North Macedonia,2011,3.9,"45538,00%",26
Northern Africa (FAO),2011,4.5,"45416,00%",19
Oceania (FAO),2011,6.2,"45328,00%",23
Oman,2011,5,"5,00%",28
Pakistan,2011,14.9,"45549,00%",14
Panama,2011,8.4,"45390,00%",16
Papua New Guinea,2011,24.6,"45467,00%",5
Paraguay,2011,2.5,"45414,00%",1240
Peru,2011,7.4,"45389,00%",18
Philippines,2011,12.5,"45424,00%",8
Polynesia,2011,5.6,"45448,00%",32
Rwanda,2011,33,"33,00%",11
Saint Vincent and the Grenadines,2011,6,"6,00%",23
Samoa,2011,6,"6,00%",23
Sao Tome and Principe,2011,16.2,"45338,00%",11
Seychelles,2011,5,"5,00%",28
Sierra Leone,2011,21.1,"45312,00%",8
Slovakia,2011,5.9,"45540,00%",28
Small Island Developing States (FAO),2011,14.7,"45487,00%",11
Solomon Islands,2011,17.9,"45552,00%",5
Somalia,2011,68,"68,00%",1
South Africa,2011,5.1,"45296,00%",29
South America (FAO),2011,4.7,"45477,00%",26
South-eastern Asia (FAO),2011,10,"10,00%",10
Southern Asia (FAO),2011,14.6,"45457,00%",9
Sri Lanka,2011,14,"14,00%",13
Sub-Saharan Africa (FAO),2011,17.3,"45368,00%",13
Tajikistan,2011,23.1,"45314,00%",3
Tanzania,2011,21.7,"45494,00%",6
Thailand,2011,8.7,"45481,00%",11
Togo,2011,19.6,"45462,00%",5
Trinidad and Tobago,2011,11.3,"45362,00%",13
Tunisia,2011,3.4,"45385,00%",20
Turkmenistan,2011,6.7,"45479,00%",20
Uganda,2011,18,"18,00%",9
United Arab Emirates,2011,6.9,"45541,00%",23
Upper-middle-income economies (FAO),2011,2.7,"45475,00%",17
Uzbekistan,2011,2.8,"45506,00%",31
Vanuatu,2011,11.2,"45333,00%",8
Vietnam,2011,8.6,"45451,00%",12
Western Africa (FAO),2011,10.9,"45545,00%",8
World,2011,8.2,"45330,00%",9
Zimbabwe,2011,25.1,"45316,00%",4
Afghanistan,2012,21,"21,00%",5
Albania,2012,4.5,"45416,00%",19
Algeria,2012,3.1,"45294,00%",26
Americas (FAO),2012,3.6,"45446,00%",26
Angola,2012,13.3,"45364,00%",11
Argentina,2012,3.3,"45354,00%",22
Asia (FAO),2012,8.6,"45451,00%",12
Bangladesh,2012,15.8,"45519,00%",11
Benin,2012,8.4,"45390,00%",16
Bolivia,2012,18,"18,00%",9
Bosnia and Herzegovina,2012,2.8,"45506,00%",31
Botswana,2012,22.8,"45526,00%",6
Brazil,2012,3,"3,00%",18
Bulgaria,2012,4.3,"45355,00%",23
Burkina Faso,2012,13.7,"45486,00%",12
Cambodia,2012,8.2,"45330,00%",9
Cameroon,2012,3.7,"45476,00%",24
Cape Verde,2012,18.5,"45430,00%",10
Caribbean (FAO),2012,14.5,"45426,00%",11
Central America (FAO),2012,6.4,"45388,00%",24
Central Asia (FAO),2012,5.3,"45356,00%",21
Chad,2012,23.8,"45527,00%",7
Chile,2012,3.4,"45385,00%",20
Colombia,2012,8.5,"45420,00%",10
Comoros,2012,13.7,"45486,00%",12
Costa Rica,2012,5.1,"45296,00%",29
Cote d'Ivoire,2012,13.4,"45395,00%",9
Democratic Republic of Congo,2012,29.2,"45351,00%",4
Djibouti,2012,26.9,"45561,00%",3
Dominican Republic,2012,10.4,"45392,00%",10
East Timor,2012,31.1,"45322,00%",3
Eastern Africa (FAO),2012,22.4,"45404,00%",7
Eastern Asia and South-eastern Asia (FAO),2012,3.8,"45507,00%",26
Ecuador,2012,8.6,"45451,00%",12
El Salvador,2012,9.8,"45513,00%",11
Eswatini,2012,18.5,"45430,00%",10
Ethiopia,2012,18.9,"45553,00%",10
French Polynesia,2012,4.9,"45539,00%",19
Gabon,2012,15.4,"45397,00%",11
Gambia,2012,13.6,"45456,00%",9
Georgia,2012,4.3,"45355,00%",23
Guatemala,2012,15.7,"45488,00%",10
Guinea,2012,14.7,"45487,00%",11
Guinea-Bissau,2012,30.4,"45412,00%",2
Guyana,2012,8.7,"45481,00%",11
Honduras,2012,14.3,"45365,00%",7
India,2012,14.8,"45518,00%",11
Indonesia,2012,9.6,"45452,00%",14
Iran,2012,7.3,"45358,00%",17
Iraq,2012,15.7,"45488,00%",10
Kazakhstan,2012,2.5,"45414,00%",1240
Kenya,2012,18.3,"45369,00%",9
Kiribati,2012,13.5,"45425,00%",12
Kyrgyzstan,2012,6.2,"45328,00%",23
Land Locked Developing Countries (FAO),2012,15.7,"45488,00%",10
Laos,2012,11.6,"45454,00%",11
Latin America and the Caribbean (FAO),2012,5.7,"45478,00%",29
Least Developed Countries (FAO),2012,18.9,"45553,00%",10
Lesotho,2012,15.2,"45337,00%",8
Libya,2012,5.2,"45327,00%",24
Low Income Food Deficit Countries (FAO),2012,18.5,"45430,00%",10
Low income economies (FAO),2012,21.8,"45525,00%",6
Lower-middle-income economies (FAO),2012,12.9,"45547,00%",14
Macao,2012,7.8,"45511,00%",10
Madagascar,2012,29.3,"45380,00%",3
Malawi,2012,12.4,"45394,00%",8
Mali,2012,4.6,"45447,00%",19
Mauritania,2012,6.3,"45357,00%",37
Melanesia,2012,20.9,"45555,00%",8
Mexico,2012,4,"4,00%",20
Moldova,2012,2.5,"45414,00%",1240
Mongolia,2012,11.6,"45454,00%",11
Morocco,2012,4.4,"45386,00%",21
Mozambique,2012,17.2,"45339,00%",7
Myanmar,2012,6.8,"45510,00%",21
Namibia,2012,23.4,"45405,00%",7
Nepal,2012,8.4,"45390,00%",16
New Caledonia,2012,8,"8,00%",12
Nicaragua,2012,19,"19,00%",7
Niger,2012,14.7,"45487,00%",11
Nigeria,2012,9.7,"45482,00%",11
North Korea,2012,39,"39,00%",3
Northern Africa (FAO),2012,5.4,"45387,00%",33
Oceania (FAO),2012,5.9,"45540,00%",28
Oman,2012,5.8,"45509,00%",32
Panama,2012,7.7,"45480,00%",19
Papua New Guinea,2012,23.3,"45374,00%",6
Peru,2012,6.4,"45388,00%",24
Philippines,2012,11.9,"45546,00%",9
Polynesia,2012,5.1,"45296,00%",29
Saint Vincent and the Grenadines,2012,5.7,"45478,00%",29
Sao Tome and Principe,2012,16.1,"45307,00%",13
Saudi Arabia,2012,7.7,"45480,00%",19
Senegal,2012,11,"11,00%",12
Seychelles,2012,5.6,"45448,00%",32
Sierra Leone,2012,21.4,"45403,00%",12
Slovakia,2012,5.7,"45478,00%",29
Small Island Developing States (FAO),2012,14.6,"45457,00%",9
Solomon Islands,2012,19.9,"45554,00%",7
South Africa,2012,5.2,"45327,00%",24
South America (FAO),2012,4.5,"45416,00%",19
South-eastern Asia (FAO),2012,8.9,"45543,00%",14
Southern Africa (FAO),2012,6.8,"45510,00%",21
Southern Asia (FAO),2012,14.9,"45549,00%",14
Sub-Saharan Africa (FAO),2012,17.1,"45308,00%",5
Syria,2012,7.3,"45358,00%",17
Tajikistan,2012,22,"22,00%",8
Tanzania,2012,20.7,"45493,00%",10
Thailand,2012,8.5,"45420,00%",10
Togo,2012,19.5,"45431,00%",9
Tunisia,2012,3.3,"45354,00%",22
Uganda,2012,19.3,"45370,00%",8
United Arab Emirates,2012,5.4,"45387,00%",33
Upper-middle-income economies (FAO),2012,2.5,"45414,00%",1240
Uzbekistan,2012,2.5,"45414,00%",1240
Vanuatu,2012,11.7,"45484,00%",8
Vietnam,2012,8.1,"45299,00%",20
Western Asia (FAO),2012,7.6,"45450,00%",17
World,2012,8.1,"45299,00%",20
Yemen,2012,28.6,"45471,00%",4
Zambia,2012,38.6,0.00%,4
Afghanistan,2013,20.8,"45524,00%",9
Africa (FAO),2013,15,"15,00%",8
Albania,2013,4.4,"45386,00%",21
Algeria,2013,2.9,"45537,00%",9
Americas (FAO),2013,3.5,"45415,00%",25
Angola,2013,12.7,"45485,00%",9
Argentina,2013,3,"3,00%",18
Asia (FAO),2013,8.2,"45330,00%",9
Benin,2013,8.2,"45330,00%",9
Bolivia,2013,17.9,"45552,00%",5
Botswana,2013,23,"23,00%",8
Brazil,2013,2.8,"45506,00%",31
Bulgaria,2013,3.8,"45507,00%",26
Burkina Faso,2013,13.2,"45335,00%",12
Cambodia,2013,8,"8,00%",12
Cameroon,2013,3.8,"45507,00%",26
Cape Verde,2013,19.4,"45401,00%",11
Caribbean (FAO),2013,13.9,"45548,00%",9
Central Asia (FAO),2013,5,"5,00%",28
Chad,2013,24.1,"45315,00%",6
Colombia,2013,7,"7,00%",26
Comoros,2013,13.2,"45335,00%",12
Congo,2013,31,"31,00%",3
Democratic Republic of Congo,2013,29.4,"45411,00%",2
Djibouti,2013,25.3,"45376,00%",1
Dominica,2013,4.7,"45477,00%",26
Dominican Republic,2013,9.2,"45331,00%",10
East Timor,2013,29.8,"45533,00%",5
Eastern Africa (FAO),2013,22.3,"45373,00%",8
Eastern Asia and South-eastern Asia (FAO),2013,3.6,"45446,00%",26
Ecuador,2013,8.7,"45481,00%",11
Egypt,2013,5.3,"45356,00%",21
Eswatini,2013,15.8,"45519,00%",11
Ethiopia,2013,17.3,"45368,00%",13
Fiji,2013,9.2,"45331,00%",10
French Polynesia,2013,5,"5,00%",28
Gambia,2013,14.4,"45396,00%",16
Georgia,2013,4,"4,00%",20
Ghana,2013,6.9,"45541,00%",23
Guatemala,2013,16.1,"45307,00%",13
Guinea,2013,13.5,"45425,00%",12
Guinea-Bissau,2013,33,"33,00%",11
Guyana,2013,7.4,"45389,00%",18
Haiti,2013,40,"40,00%",2
Honduras,2013,15.1,"45306,00%",8
India,2013,14.6,"45457,00%",9
Indonesia,2013,8.4,"45390,00%",16
Iran,2013,6.3,"45357,00%",37
Iraq,2013,16.4,"45398,00%",12
Kenya,2013,18.1,"45309,00%",6
Kyrgyzstan,2013,5.9,"45540,00%",28
Land Locked Developing Countries (FAO),2013,15.3,"45366,00%",9
Laos,2013,10.3,"45361,00%",10
Latin America and the Caribbean (FAO),2013,5.5,"45417,00%",19
Lesotho,2013,20,"20,00%",5
Libya,2013,4.8,"45508,00%",22
Low Income Food Deficit Countries (FAO),2013,18.7,"45491,00%",11
Low income economies (FAO),2013,22.2,"45344,00%",8
Lower-middle-income economies (FAO),2013,12.3,"45363,00%",7
Macao,2013,7.1,"45298,00%",21
Madagascar,2013,33,"33,00%",11
Malawi,2013,12.9,"45547,00%",14
Malaysia,2013,5.6,"45448,00%",32
Mali,2013,4.4,"45386,00%",21
Mauritania,2013,6.2,"45328,00%",23
Melanesia,2013,20.4,"45402,00%",3
Middle Africa (FAO),2013,22.9,"45557,00%",9
Mongolia,2013,10.6,"45453,00%",13
Morocco,2013,4.1,"45295,00%",29
Mozambique,2013,23.5,"45435,00%",4
Myanmar,2013,5.9,"45540,00%",28
Namibia,2013,21.8,"45525,00%",6
Nepal,2013,7.7,"45480,00%",19
Nicaragua,2013,19.4,"45401,00%",11
Niger,2013,14.1,"45305,00%",11
Nigeria,2013,9.6,"45452,00%",14
Oceania (FAO),2013,5.8,"45509,00%",32
Oman,2013,6,"6,00%",23
Pakistan,2013,14,"14,00%",13
Panama,2013,7.5,"45419,00%",15
Papua New Guinea,2013,22.1,"45313,00%",6
Peru,2013,5.4,"45387,00%",33
Philippines,2013,11.2,"45333,00%",8
Polynesia,2013,5.3,"45356,00%",21
Saint Vincent and the Grenadines,2013,5.6,"45448,00%",32
Samoa,2013,5.8,"45509,00%",32
Sao Tome and Principe,2013,15.9,"45550,00%",10
Saudi Arabia,2013,6.2,"45328,00%",23
Seychelles,2013,5.7,"45478,00%",29
Sierra Leone,2013,22.7,"45495,00%",12
Small Island Developing States (FAO),2013,14.2,"45336,00%",8
Solomon Islands,2013,21.4,"45403,00%",12
South Africa,2013,5.5,"45417,00%",19
South America (FAO),2013,4.1,"45295,00%",29
South-eastern Asia (FAO),2013,8.5,"45420,00%",10
Southern Africa (FAO),2013,7.3,"45358,00%",17
Southern Asia (FAO),2013,14.1,"45305,00%",11
Sri Lanka,2013,11.7,"45484,00%",8
Sudan,2013,9.7,"45482,00%",11
Suriname,2013,8,"8,00%",12
Syria,2013,8.4,"45390,00%",16
Taiwan,2013,4.6,"45447,00%",19
Tajikistan,2013,20.8,"45524,00%",9
Tanzania,2013,20.3,"45371,00%",8
Thailand,2013,8,"8,00%",12
Togo,2013,19.2,"45341,00%",10
Trinidad and Tobago,2013,10.8,"45514,00%",15
Tunisia,2013,3.1,"45294,00%",26
Turkmenistan,2013,6.3,"45357,00%",37
Uganda,2013,21.3,"45372,00%",9
United Arab Emirates,2013,4.9,"45539,00%",19
Vanuatu,2013,11.5,"45423,00%",11
Vietnam,2013,7.6,"45450,00%",17
Western Africa (FAO),2013,11.2,"45333,00%",8
Western Asia (FAO),2013,7.8,"45511,00%",10
World,2013,7.9,"45542,00%",22
Yemen,2013,29,"29,00%",4
Zimbabwe,2013,27,"27,00%",5
Afghanistan,2014,20.7,"45493,00%",10
Africa (FAO),2014,15.3,"45366,00%",9
Algeria,2014,2.7,"45475,00%",17
Americas (FAO),2014,3.2,"45325,00%",22
Angola,2014,12.5,"45424,00%",8
Argentina,2014,2.7,"45475,00%",17
Asia (FAO),2014,7.8,"45511,00%",10
Belize,2014,6.6,"45449,00%",17
Bolivia,2014,17.1,"45308,00%",5
Botswana,2014,23.3,"45374,00%",6
Brazil,2014,2.6,"45445,00%",22
Burkina Faso,2014,13.1,"45304,00%",9
Cambodia,2014,7.5,"45419,00%",15
Cameroon,2014,4.1,"45295,00%",29
Cape Verde,2014,20.7,"45493,00%",10
Caribbean (FAO),2014,13,"13,00%",4
Central Asia (FAO),2014,4.4,"45386,00%",21
Chad,2014,25.5,"45437,00%",4
Chile,2014,3.1,"45294,00%",26
Colombia,2014,5.8,"45509,00%",32
Comoros,2014,12.8,"45516,00%",7
Congo,2014,27.9,"45562,00%",7
Costa Rica,2014,4.8,"45508,00%",22
Cote d'Ivoire,2014,12.6,"45455,00%",6
Democratic Republic of Congo,2014,29.6,"45472,00%",4
Djibouti,2014,22.9,"45557,00%",9
Dominica,2014,5,"5,00%",28
Dominican Republic,2014,8.4,"45390,00%",16
East Timor,2014,28.4,"45410,00%",12
Eastern Africa (FAO),2014,23.9,"45558,00%",4
Eastern Asia and South-eastern Asia (FAO),2014,3.2,"45325,00%",22
Eswatini,2014,14.4,"45396,00%",16
Ethiopia,2014,15.6,"45458,00%",15
Fiji,2014,8.9,"45543,00%",14
French Polynesia,2014,5.3,"45356,00%",21
Gabon,2014,15.7,"45488,00%",10
Georgia,2014,3.6,"45446,00%",26
Ghana,2014,7.5,"45419,00%",15
Guatemala,2014,16.2,"45338,00%",11
Guinea-Bissau,2014,34.8,0.00%,2
Guyana,2014,6.1,"45297,00%",27
Honduras,2014,15.6,"45458,00%",15
India,2014,14.4,"45396,00%",16
Indonesia,2014,7.9,"45542,00%",22
Iraq,2014,16.8,"45520,00%",9
Kiribati,2014,11.4,"45393,00%",4
Kyrgyzstan,2014,5.7,"45478,00%",29
Land Locked Developing Countries (FAO),2014,15.5,"45427,00%",7
Laos,2014,8.1,"45299,00%",20
Latin America and the Caribbean (FAO),2014,5.1,"45296,00%",29
Least Developed Countries (FAO),2014,19.1,"45310,00%",12
Lesotho,2014,27.2,"45349,00%",5
Libya,2014,5.4,"45387,00%",33
Low Income Food Deficit Countries (FAO),2014,19.1,"45310,00%",12
Low income economies (FAO),2014,22.9,"45557,00%",9
Lower-middle-income economies (FAO),2014,11.8,"45515,00%",7
Macao,2014,6.3,"45357,00%",37
Madagascar,2014,37.7,0.00%,1
Malawi,2014,13.3,"45364,00%",11
Malaysia,2014,5.9,"45540,00%",28
Mali,2014,4.3,"45355,00%",23
Mauritania,2014,6.5,"45418,00%",18
Mauritius,2014,5.7,"45478,00%",29
Melanesia,2014,19.6,"45462,00%",5
Middle Africa (FAO),2014,21.9,"45556,00%",9
Mongolia,2014,9.3,"45360,00%",16
Morocco,2014,4,"4,00%",20
Myanmar,2014,5,"5,00%",28
Namibia,2014,21,"21,00%",5
Nepal,2014,7.2,"45329,00%",11
New Caledonia,2014,7.7,"45480,00%",19
Nicaragua,2014,19.8,"45523,00%",10
Niger,2014,13.3,"45364,00%",11
Nigeria,2014,9.5,"45421,00%",10
North Macedonia,2014,3.8,"45507,00%",26
Oceania (FAO),2014,5.7,"45478,00%",29
Pakistan,2014,13.3,"45364,00%",11
Papua New Guinea,2014,22.4,"45404,00%",7
Peru,2014,5.1,"45296,00%",29
Philippines,2014,10.4,"45392,00%",10
Polynesia,2014,5.7,"45478,00%",29
Saint Vincent and the Grenadines,2014,5.3,"45356,00%",21
Samoa,2014,6.7,"45479,00%",20
Saudi Arabia,2014,5.5,"45417,00%",19
Senegal,2014,10.6,"45453,00%",13
Sierra Leone,2014,22.6,"45465,00%",5
Small Island Developing States (FAO),2014,13.6,"45456,00%",9
Solomon Islands,2014,22,"22,00%",8
South Africa,2014,6.3,"45357,00%",37
South America (FAO),2014,3.6,"45446,00%",26
South-eastern Asia (FAO),2014,7.5,"45419,00%",15
Southern Africa (FAO),2014,8.2,"45330,00%",9
Southern Asia (FAO),2014,13.6,"45456,00%",9
Sri Lanka,2014,10.2,"45332,00%",8
Sudan,2014,9.3,"45360,00%",16
Syria,2014,9.4,"45391,00%",9
Tajikistan,2014,18.8,"45522,00%",2
Tanzania,2014,20.2,"45342,00%",4
Thailand,2014,7.4,"45389,00%",18
Togo,2014,19.7,"45492,00%",6
Tunisia,2014,2.9,"45537,00%",9
Turkmenistan,2014,5.8,"45509,00%",32
Uganda,2014,24.7,"45497,00%",4
United Arab Emirates,2014,4.7,"45477,00%",26
Vanuatu,2014,10.9,"45545,00%",8
Venezuela,2014,3.7,"45476,00%",24
Vietnam,2014,7.5,"45419,00%",15
World,2014,7.7,"45480,00%",19
Yemen,2014,32.9,0.00%,4
Zambia,2014,35,"35,00%",7
Afghanistan,2015,21.3,"45372,00%",9
Africa (FAO),2015,15.8,"45519,00%",11
Albania,2015,4.3,"45355,00%",23
Algeria,2015,2.6,"45445,00%",22
Americas (FAO),2015,3.3,"45354,00%",22
Angola,2015,13.5,"45425,00%",12
Asia (FAO),2015,8,"8,00%",12
Belize,2015,6.8,"45510,00%",21
Benin,2015,8.1,"45299,00%",20
Bolivia,2015,16,"16,00%",11
Botswana,2015,24.1,"45315,00%",6
Brazil,2015,2.5,"45414,00%",1240
Bulgaria,2015,3.7,"45476,00%",24
Burkina Faso,2015,13.3,"45364,00%",11
Cambodia,2015,6.9,"45541,00%",23
Cameroon,2015,4.4,"45386,00%",21
Cape Verde,2015,21.4,"45403,00%",12
Caribbean (FAO),2015,13.2,"45335,00%",12
Central America (FAO),2015,6.7,"45479,00%",20
Central Asia (FAO),2015,4,"4,00%",20
Chad,2015,26.2,"45348,00%",4
Colombia,2015,4.9,"45539,00%",19
Comoros,2015,12.4,"45394,00%",8
Congo,2015,27.7,"45500,00%",4
Cote d'Ivoire,2015,11.9,"45546,00%",9
Democratic Republic of Congo,2015,30.2,0.00%,5
Dominica,2015,5.6,"45448,00%",32
Dominican Republic,2015,7.4,"45389,00%",18
East Timor,2015,27.6,"45470,00%",4
Eastern Africa (FAO),2015,24.6,"45467,00%",5
Eastern Asia and South-eastern Asia (FAO),2015,3.1,"45294,00%",26
Ecuador,2015,9,"9,00%",7
Egypt,2015,5.8,"45509,00%",32
El Salvador,2015,9.6,"45452,00%",14
Ethiopia,2015,14.5,"45426,00%",11
French Polynesia,2015,5.7,"45478,00%",29
Gabon,2015,16.3,"45367,00%",8
Gambia,2015,15.9,"45550,00%",10
Ghana,2015,8.2,"45330,00%",9
Guinea-Bissau,2015,35.1,0.00%,3
Guyana,2015,4.5,"45416,00%",19
Haiti,2015,38.8,0.00%,4
Honduras,2015,15.5,"45427,00%",7
India,2015,14,"14,00%",13
Indonesia,2015,7.3,"45358,00%",17
Iraq,2015,17.3,"45368,00%",13
Jamaica,2015,8,"8,00%",12
Kenya,2015,20,"20,00%",5
Kiribati,2015,10.9,"45545,00%",8
Kyrgyzstan,2015,5.8,"45509,00%",32
Land Locked Developing Countries (FAO),2015,15.4,"45397,00%",11
Laos,2015,6.7,"45479,00%",20
Latin America and the Caribbean (FAO),2015,5.3,"45356,00%",21
Lesotho,2015,31.9,0.00%,6
Libya,2015,6.1,"45297,00%",27
Low Income Food Deficit Countries (FAO),2015,19.5,"45431,00%",9
Low income economies (FAO),2015,24.2,"45346,00%",10
Lower-middle-income economies (FAO),2015,12.1,"45303,00%",11
Macao,2015,5.8,"45509,00%",32
Madagascar,2015,40.4,0.00%,2
Malawi,2015,13.9,"45548,00%",9
Malaysia,2015,6.1,"45297,00%",27
Mali,2015,4.2,"45326,00%",18
Mauritania,2015,6.8,"45510,00%",21
Mauritius,2015,5.9,"45540,00%",28
Melanesia,2015,21.4,"45403,00%",12
Mexico,2015,3.9,"45538,00%",26
Middle Africa (FAO),2015,23.3,"45374,00%",6
Mongolia,2015,7.6,"45450,00%",17
Morocco,2015,3.8,"45507,00%",26
Myanmar,2015,4.1,"45295,00%",29
Nepal,2015,6.3,"45357,00%",37
New Caledonia,2015,7.5,"45419,00%",15
Nicaragua,2015,19.3,"45370,00%",8
Niger,2015,12.4,"45394,00%",8
Nigeria,2015,9.3,"45360,00%",16
North Macedonia,2015,3.6,"45446,00%",26
Oman,2015,6.3,"45357,00%",37
Pakistan,2015,12.1,"45303,00%",11
Panama,2015,7.3,"45358,00%",17
Papua New Guinea,2015,22.5,"45434,00%",9
Paraguay,2015,2.6,"45445,00%",22
Peru,2015,5.5,"45417,00%",19
Philippines,2015,9.1,"45300,00%",12
Polynesia,2015,6.5,"45418,00%",18
Saint Vincent and the Grenadines,2015,5,"5,00%",28
Samoa,2015,7.3,"45358,00%",17
Saudi Arabia,2015,4.6,"45447,00%",19
Senegal,2015,9.5,"45421,00%",10
Seychelles,2015,5.2,"45327,00%",24
Sierra Leone,2015,23.7,"45496,00%",4
Small Island Developing States (FAO),2015,13.9,"45548,00%",9
Solomon Islands,2015,21.6,"45464,00%",8
South Africa,2015,6.5,"45418,00%",18
South America (FAO),2015,3.9,"45538,00%",26
Southern Africa (FAO),2015,9.3,"45360,00%",16
Southern Asia (FAO),2015,14,"14,00%",13
Sri Lanka,2015,9.1,"45300,00%",12
Sub-Saharan Africa (FAO),2015,18.2,"45340,00%",11
Suriname,2015,9,"9,00%",7
Syria,2015,11.1,"45302,00%",15
Tajikistan,2015,16.3,"45367,00%",8
Tanzania,2015,20.5,"45432,00%",8
Thailand,2015,6.9,"45541,00%",23
Togo,2015,19.8,"45523,00%",10
Tunisia,2015,2.8,"45506,00%",31
Turkmenistan,2015,5.5,"45417,00%",19
Uganda,2015,30.2,0.00%,5
United Arab Emirates,2015,4.8,"45508,00%",22
Vanuatu,2015,10.5,"45422,00%",8
Venezuela,2015,10.8,"45514,00%",15
Vietnam,2015,7.1,"45298,00%",21
Yemen,2015,38.7,0.00%,3
Zambia,2015,33,"33,00%",11
Zimbabwe,2015,32.6,0.00%,4
Afghanistan,2016,21.8,"45525,00%",6
Africa (FAO),2016,16.6,"45459,00%",8
Albania,2016,4.2,"45326,00%",18
Americas (FAO),2016,3.8,"45507,00%",26
Angola,2016,14.4,"45396,00%",16
Argentina,2016,2.9,"45537,00%",9
Asia (FAO),2016,7.5,"45419,00%",15
Bangladesh,2016,14.3,"45365,00%",7
Barbados,2016,2.6,"45445,00%",22
Benin,2016,8.7,"45481,00%",11
Bolivia,2016,14.9,"45549,00%",14
Botswana,2016,25,"25,00%",2
Burkina Faso,2016,13.6,"45456,00%",9
Cambodia,2016,6.5,"45418,00%",18
Cameroon,2016,5,"5,00%",28
Cape Verde,2016,21.7,"45494,00%",6
Caribbean (FAO),2016,13.5,"45425,00%",12
Central African Republic,2016,48,"48,00%",1
Central America (FAO),2016,6.2,"45328,00%",23
Central Asia (FAO),2016,3.8,"45507,00%",26
Chad,2016,26.1,"45317,00%",6
Colombia,2016,4.5,"45416,00%",19
Comoros,2016,11.9,"45546,00%",9
Congo,2016,28.5,"45440,00%",4
Cote d'Ivoire,2016,10.6,"45453,00%",13
Democratic Republic of Congo,2016,30.8,"45534,00%",2
Djibouti,2016,20.2,"45342,00%",4
Dominican Republic,2016,6.7,"45479,00%",20
East Timor,2016,27.1,"45318,00%",7
Eastern Africa (FAO),2016,26.2,"45348,00%",4
Eastern Asia and South-eastern Asia (FAO),2016,2.8,"45506,00%",31
Ecuador,2016,9.7,"45482,00%",11
El Salvador,2016,8.9,"45543,00%",14
Eswatini,2016,14.5,"45426,00%",11
Ethiopia,2016,14.1,"45305,00%",11
French Polynesia,2016,6.1,"45297,00%",27
Gabon,2016,17.4,"45399,00%",6
Gambia,2016,16.7,"45489,00%",3
Ghana,2016,8.3,"45359,00%",14
Guatemala,2016,14.8,"45518,00%",11
Guinea,2016,13.3,"45364,00%",11
Guinea-Bissau,2016,34,"34,00%",3
Guyana,2016,3.4,"45385,00%",20
Honduras,2016,14.9,"45549,00%",14
India,2016,13.5,"45425,00%",12
Indonesia,2016,6.7,"45479,00%",20
Iran,2016,6.8,"45510,00%",21
Iraq,2016,17.6,"45460,00%",11
Jamaica,2016,7.7,"45480,00%",19
Kenya,2016,21.5,"45433,00%",5
Kyrgyzstan,2016,5.5,"45417,00%",19
Land Locked Developing Countries (FAO),2016,15.9,"45550,00%",10
Laos,2016,5.9,"45540,00%",28
Latin America and the Caribbean (FAO),2016,6.1,"45297,00%",27
Least Developed Countries (FAO),2016,20.8,"45524,00%",9
Lesotho,2016,34,"34,00%",3
Libya,2016,6.6,"45449,00%",17
Low Income Food Deficit Countries (FAO),2016,20.9,"45555,00%",8
Low income economies (FAO),2016,25.8,"45529,00%",3
Lower-middle-income economies (FAO),2016,11.2,"45333,00%",8
Macao,2016,5.7,"45478,00%",29
Malawi,2016,14.3,"45365,00%",7
Malaysia,2016,5.7,"45478,00%",29
Mali,2016,3.8,"45507,00%",26
Mauritius,2016,6.1,"45297,00%",27
Mexico,2016,3.8,"45507,00%",26
Middle Africa (FAO),2016,24.7,"45497,00%",4
Mongolia,2016,6.8,"45510,00%",21
Morocco,2016,3.7,"45476,00%",24
Myanmar,2016,3.4,"45385,00%",20
Namibia,2016,19.3,"45370,00%",8
Nepal,2016,5.4,"45387,00%",33
New Caledonia,2016,7.3,"45358,00%",17
Nicaragua,2016,18.3,"45369,00%",9
Niger,2016,11.7,"45484,00%",8
North Macedonia,2016,3.3,"45354,00%",22
Oceania (FAO),2016,6.1,"45297,00%",27
Pakistan,2016,11.5,"45423,00%",11
Panama,2016,7,"7,00%",26
Papua New Guinea,2016,22.9,"45557,00%",9
Paraguay,2016,2.7,"45475,00%",17
Peru,2016,6.1,"45297,00%",27
Philippines,2016,7.8,"45511,00%",10
Polynesia,2016,6.8,"45510,00%",21
Rwanda,2016,31.5,"45443,00%",2
Saint Vincent and the Grenadines,2016,4.3,"45355,00%",23
Samoa,2016,7.9,"45542,00%",22
Sao Tome and Principe,2016,15.8,"45519,00%",11
Saudi Arabia,2016,4.4,"45386,00%",21
Senegal,2016,8.3,"45359,00%",14
Seychelles,2016,4.7,"45477,00%",26
Sierra Leone,2016,24.2,"45346,00%",10
Slovakia,2016,5.2,"45327,00%",24
Small Island Developing States (FAO),2016,14,"14,00%",13
Solomon Islands,2016,20.9,"45555,00%",8
South Africa,2016,6.2,"45328,00%",23
South America (FAO),2016,5.2,"45327,00%",24
South-eastern Asia (FAO),2016,6.5,"45418,00%",18
Southern Africa (FAO),2016,8.3,"45359,00%",14
Southern Asia (FAO),2016,12.9,"45547,00%",14
Sri Lanka,2016,8.1,"45299,00%",20
Sub-Saharan Africa (FAO),2016,19.1,"45310,00%",12
Sudan,2016,10.6,"45453,00%",13
Suriname,2016,9.7,"45482,00%",11
Syria,2016,13.5,"45425,00%",12
Tajikistan,2016,14.1,"45305,00%",11
Tanzania,2016,21.1,"45312,00%",8
Thailand,2016,6.8,"45510,00%",21
Togo,2016,20.3,"45371,00%",8
Tunisia,2016,2.7,"45475,00%",17
Turkmenistan,2016,5.6,"45448,00%",32
Uganda,2016,34.2,0.00%,2
United Arab Emirates,2016,4.5,"45416,00%",19
Vanuatu,2016,10.3,"45361,00%",10
Venezuela,2016,16.8,"45520,00%",9
Vietnam,2016,6.8,"45510,00%",21
Western Africa (FAO),2016,10.7,"45483,00%",9
Western Asia (FAO),2016,10,"10,00%",10
World,2016,7.8,"45511,00%",10
Yemen,2016,42,"42,00%",1
Afghanistan,2017,22.7,"45495,00%",12
Africa (FAO),2017,16.5,"45428,00%",9
Angola,2017,14.7,"45487,00%",11
Asia (FAO),2017,7,"7,00%",26
Bangladesh,2017,13.6,"45456,00%",9
Belize,2017,6,"6,00%",23
Benin,2017,9.5,"45421,00%",10
Bolivia,2017,14.2,"45336,00%",8
Botswana,2017,26.3,"45377,00%",3
Bulgaria,2017,3.1,"45294,00%",26
Cambodia,2017,5.8,"45509,00%",32
Cameroon,2017,5.6,"45448,00%",32
Cape Verde,2017,20.9,"45555,00%",8
Central America (FAO),2017,6.1,"45297,00%",27
Central Asia (FAO),2017,3.5,"45415,00%",25
Chad,2017,26,"26,00%",3
Chile,2017,3,"3,00%",18
Colombia,2017,4.3,"45355,00%",23
Comoros,2017,11.6,"45454,00%",11
Congo,2017,30.2,0.00%,5
Costa Rica,2017,3.2,"45325,00%",22
Cote d'Ivoire,2017,9.8,"45513,00%",11
Democratic Republic of Congo,2017,31.2,0.00%,4
Djibouti,2017,19.9,"45554,00%",7
Dominica,2017,6.1,"45297,00%",27
Dominican Republic,2017,6,"6,00%",23
East Timor,2017,26.1,"45317,00%",6
Eastern Asia and South-eastern Asia (FAO),2017,2.5,"45414,00%",1240
Ecuador,2017,10.8,"45514,00%",15
El Salvador,2017,8,"8,00%",12
Eswatini,2017,13.7,"45486,00%",12
Ethiopia,2017,15.5,"45427,00%",7
Fiji,2017,8.4,"45390,00%",16
French Polynesia,2017,6.5,"45418,00%",18
Gabon,2017,18.4,"45400,00%",6
Gambia,2017,17.6,"45460,00%",11
Ghana,2017,7.6,"45450,00%",17
Guatemala,2017,14.4,"45396,00%",16
Guinea-Bissau,2017,32.9,0.00%,4
Guyana,2017,3.3,"45354,00%",22
India,2017,12.9,"45547,00%",14
Indonesia,2017,6,"6,00%",23
Iran,2017,7.2,"45329,00%",11
Iraq,2017,17.5,"45429,00%",8
Jamaica,2017,7.3,"45358,00%",17
Kenya,2017,22.8,"45526,00%",6
Kyrgyzstan,2017,5.1,"45296,00%",29
Land Locked Developing Countries (FAO),2017,16,"16,00%",11
Laos,2017,5.6,"45448,00%",32
Latin America and the Caribbean (FAO),2017,5.8,"45509,00%",32
Least Developed Countries (FAO),2017,20,"20,00%",5
Lesotho,2017,31.6,0.00%,7
Libya,2017,6.9,"45541,00%",23
Low Income Food Deficit Countries (FAO),2017,20.4,"45402,00%",3
Low income economies (FAO),2017,25.2,"45347,00%",2
Lower-middle-income economies (FAO),2017,10.7,"45483,00%",9
Macao,2017,5.6,"45448,00%",32
Malawi,2017,15.1,"45306,00%",8
Mali,2017,3.9,"45538,00%",26
Mauritius,2017,6.2,"45328,00%",23
Melanesia,2017,20.5,"45432,00%",8
Middle Africa (FAO),2017,23.7,"45496,00%",4
Mongolia,2017,5.9,"45540,00%",28
Morocco,2017,3.6,"45446,00%",26
Myanmar,2017,3.1,"45294,00%",26
Namibia,2017,18.9,"45553,00%",10
Nepal,2017,4.8,"45508,00%",22
New Caledonia,2017,7,"7,00%",26
Nicaragua,2017,17.6,"45460,00%",11
Niger,2017,10.9,"45545,00%",8
Nigeria,2017,10.1,"45301,00%",7
North Korea,2017,43,"43,00%",1
North Macedonia,2017,3.1,"45294,00%",26
Northern Africa (FAO),2017,6,"6,00%",23
Pakistan,2017,10.8,"45514,00%",15
Panama,2017,6.1,"45297,00%",27
Papua New Guinea,2017,23,"23,00%",8
Paraguay,2017,2.8,"45506,00%",31
Peru,2017,6.3,"45357,00%",37
Philippines,2017,6.4,"45388,00%",24
Polynesia,2017,7.1,"45298,00%",21
Saint Vincent and the Grenadines,2017,3.6,"45446,00%",26
Sao Tome and Principe,2017,15.3,"45366,00%",9
Saudi Arabia,2017,4.5,"45416,00%",19
Senegal,2017,7.3,"45358,00%",17
Seychelles,2017,4.3,"45355,00%",23
Sierra Leone,2017,25.7,"45498,00%",4
Slovakia,2017,4,"4,00%",20
Small Island Developing States (FAO),2017,13.7,"45486,00%",12
Solomon Islands,2017,20.2,"45342,00%",4
South Africa,2017,5.7,"45478,00%",29
South America (FAO),2017,4.9,"45539,00%",19
South-eastern Asia (FAO),2017,5.8,"45509,00%",32
Southern Africa (FAO),2017,7.8,"45511,00%",10
Southern Asia (FAO),2017,12.2,"45334,00%",10
Sri Lanka,2017,7.6,"45450,00%",17
Sub-Saharan Africa (FAO),2017,18.9,"45553,00%",10
Sudan,2017,11.1,"45302,00%",15
Syria,2017,16.8,"45520,00%",9
Taiwan,2017,4.2,"45326,00%",18
Tajikistan,2017,12.3,"45363,00%",7
Tanzania,2017,21.8,"45525,00%",6
Togo,2017,20,"20,00%",5
Trinidad and Tobago,2017,12,"12,00%",6
Tunisia,2017,2.6,"45445,00%",22
United Arab Emirates,2017,4.3,"45355,00%",23
Vanuatu,2017,10.4,"45392,00%",10
Venezuela,2017,23,"23,00%",8
Vietnam,2017,6.4,"45388,00%",24
Western Asia (FAO),2017,9.8,"45513,00%",11
World,2017,7.5,"45419,00%",15
Yemen,2017,42.9,0.00%,1
Zambia,2017,29.4,"45411,00%",2
Afghanistan,2018,24,"24,00%",3
Albania,2018,4.1,"45295,00%",29
Algeria,2018,2.5,"45414,00%",1240
Angola,2018,15.2,"45337,00%",8
Asia (FAO),2018,7.1,"45298,00%",21
Bangladesh,2018,12.7,"45485,00%",9
Belize,2018,5.3,"45356,00%",21
Benin,2018,10.4,"45392,00%",10
Bolivia,2018,13.8,"45517,00%",6
Botswana,2018,26.4,"45408,00%",3
Bulgaria,2018,2.8,"45506,00%",31
Burkina Faso,2018,14,"14,00%",13
Cambodia,2018,4.8,"45508,00%",22
Cape Verde,2018,19.8,"45523,00%",10
Caribbean (FAO),2018,14,"14,00%",13
Central Asia (FAO),2018,3.1,"45294,00%",26
Chad,2018,26.8,"45530,00%",5
Chile,2018,2.8,"45506,00%",31
Colombia,2018,4.6,"45447,00%",19
Comoros,2018,11.7,"45484,00%",8
Congo,2018,30.8,"45534,00%",2
Costa Rica,2018,3.1,"45294,00%",26
Cote d'Ivoire,2018,9,"9,00%",7
Democratic Republic of Congo,2018,31,"31,00%",3
Djibouti,2018,19.4,"45401,00%",11
Dominica,2018,6.4,"45388,00%",24
Dominican Republic,2018,5.7,"45478,00%",29
East Timor,2018,25,"25,00%",2
Eastern Africa (FAO),2018,26,"26,00%",3
Ecuador,2018,11.9,"45546,00%",9
Eswatini,2018,12.9,"45547,00%",14
Ethiopia,2018,18,"18,00%",9
French Polynesia,2018,6.3,"45357,00%",37
Gabon,2018,19.5,"45431,00%",9
Gambia,2018,17.8,"45521,00%",11
Georgia,2018,3.1,"45294,00%",26
Ghana,2018,6.5,"45418,00%",18
Guatemala,2018,14.1,"45305,00%",11
Guinea,2018,12.7,"45485,00%",9
Guyana,2018,3.5,"45415,00%",25
India,2018,13.1,"45304,00%",9
Indonesia,2018,5.9,"45540,00%",28
Iraq,2018,17.2,"45339,00%",7
Jamaica,2018,6.3,"45357,00%",37
Kenya,2018,22.2,"45344,00%",8
Kiribati,2018,11.5,"45423,00%",11
Kuwait,2018,2.6,"45445,00%",22
Kyrgyzstan,2018,4.5,"45416,00%",19
Land Locked Developing Countries (FAO),2018,16.5,"45428,00%",9
Laos,2018,5.3,"45356,00%",21
Least Developed Countries (FAO),2018,19.8,"45523,00%",10
Lesotho,2018,33,"33,00%",11
Low Income Food Deficit Countries (FAO),2018,20.3,"45371,00%",8
Low income economies (FAO),2018,25.5,"45437,00%",4
Lower-middle-income economies (FAO),2018,10.8,"45514,00%",15
Macao,2018,5.4,"45387,00%",33
Malawi,2018,15.7,"45488,00%",10
Malaysia,2018,4.4,"45386,00%",21
Mexico,2018,3.4,"45385,00%",20
Middle Africa (FAO),2018,24.4,"45406,00%",2
Mongolia,2018,5.7,"45478,00%",29
Mozambique,2018,29.5,"45441,00%",3
Myanmar,2018,3,"3,00%",18
Namibia,2018,18.2,"45340,00%",11
Nepal,2018,4.7,"45477,00%",26
New Caledonia,2018,6.5,"45418,00%",18
Nicaragua,2018,17.4,"45399,00%",6
Niger,2018,11,"11,00%",12
Nigeria,2018,10.6,"45453,00%",13
Oman,2018,4.5,"45416,00%",19
Pakistan,2018,11,"11,00%",12
Panama,2018,5.2,"45327,00%",24
Papua New Guinea,2018,23.4,"45405,00%",7
Paraguay,2018,2.9,"45537,00%",9
Peru,2018,5.9,"45540,00%",28
Philippines,2018,5.4,"45387,00%",33
Polynesia,2018,7.3,"45358,00%",17
Rwanda,2018,31.8,"45535,00%",1
Saint Vincent and the Grenadines,2018,3.2,"45325,00%",22
Samoa,2018,7.7,"45480,00%",19
Senegal,2018,6.7,"45479,00%",20
Sierra Leone,2018,26.8,"45530,00%",5
Slovakia,2018,3.3,"45354,00%",22
Small Island Developing States (FAO),2018,14.3,"45365,00%",7
Solomon Islands,2018,19.8,"45523,00%",10
Somalia,2018,54,"54,00%",2
South America (FAO),2018,5,"5,00%",28
South-eastern Asia (FAO),2018,5.5,"45417,00%",19
Southern Africa (FAO),2018,7.7,"45480,00%",19
Southern Asia (FAO),2018,12.3,"45363,00%",7
Sri Lanka,2018,7.1,"45298,00%",21
Sudan,2018,11.5,"45423,00%",11
Suriname,2018,9.2,"45331,00%",10
Syria,2018,20.1,"45311,00%",6
Taiwan,2018,4,"4,00%",20
Tajikistan,2018,10.5,"45422,00%",8
Tanzania,2018,22.2,"45344,00%",8
Thailand,2018,6.5,"45418,00%",18
Trinidad and Tobago,2018,12.7,"45485,00%",9
Tunisia,2018,2.5,"45414,00%",1240
Uganda,2018,34.1,0.00%,3
Ukraine,2018,2.8,"45506,00%",31
United Arab Emirates,2018,3.8,"45507,00%",26
Venezuela,2018,22.7,"45495,00%",12
Vietnam,2018,6,"6,00%",23
Western Asia (FAO),2018,10.3,"45361,00%",10
World,2018,7.6,"45450,00%",17
Yemen,2018,41.1,0.00%,2
Zambia,2018,28.8,"45532,00%",3
Zimbabwe,2018,38.2,0.00%,1
Afghanistan,2019,26.9,"45561,00%",3
Africa (FAO),2019,17,"17,00%",5
Angola,2019,17.5,"45429,00%",8
Asia (FAO),2019,7.4,"45389,00%",18
Bangladesh,2019,11.8,"45515,00%",7
Belize,2019,4.8,"45508,00%",22
Benin,2019,10.6,"45453,00%",13
Bolivia,2019,13.7,"45486,00%",12
Bulgaria,2019,2.7,"45475,00%",17
Cambodia,2019,4.3,"45355,00%",23
Cameroon,2019,5.8,"45509,00%",32
Caribbean (FAO),2019,14.2,"45336,00%",8
Central America (FAO),2019,5.1,"45296,00%",29
Central Asia (FAO),2019,2.8,"45506,00%",31
Chad,2019,28.1,"45319,00%",5
Chile,2019,2.6,"45445,00%",22
Colombia,2019,5.4,"45387,00%",33
Congo,2019,31.1,"45322,00%",3
Cote d'Ivoire,2019,8.4,"45390,00%",16
Djibouti,2019,19,"19,00%",7
Dominica,2019,6.8,"45510,00%",21
Dominican Republic,2019,6.3,"45357,00%",37
East Timor,2019,23.8,"45527,00%",7
Eastern Africa (FAO),2019,26.7,"45499,00%",7
Ecuador,2019,13.4,"45395,00%",9
El Salvador,2019,7.2,"45329,00%",11
Eswatini,2019,12.1,"45303,00%",11
Ethiopia,2019,20.7,"45493,00%",10
Fiji,2019,5.7,"45478,00%",29
French Polynesia,2019,5.9,"45540,00%",28
Gabon,2019,20.9,"45555,00%",8
Gambia,2019,18.3,"45369,00%",9
Ghana,2019,5.7,"45478,00%",29
Guinea,2019,12.5,"45424,00%",8
Guyana,2019,3.6,"45446,00%",26
Honduras,2019,14.5,"45426,00%",11
Iran,2019,7,"7,00%",26
Jamaica,2019,6.6,"45449,00%",17
Kenya,2019,23,"23,00%",8
Kiribati,2019,12.2,"45334,00%",10
Land Locked Developing Countries (FAO),2019,17.8,"45521,00%",11
Laos,2019,5.4,"45387,00%",33
Latin America and the Caribbean (FAO),2019,5.6,"45448,00%",32
Least Developed Countries (FAO),2019,20.7,"45493,00%",10
Lesotho,2019,38.1,0.00%,2
Libya,2019,7.7,"45480,00%",19
Low Income Food Deficit Countries (FAO),2019,20.8,"45524,00%",9
Low income economies (FAO),2019,26.3,"45377,00%",3
Lower-middle-income economies (FAO),2019,11.3,"45362,00%",13
Macao,2019,6.4,"45388,00%",24
Malawi,2019,16.5,"45428,00%",9
Malaysia,2019,3.8,"45507,00%",26
Mali,2019,6.6,"45449,00%",17
Malta,2019,2.8,"45506,00%",31
Mauritius,2019,6.6,"45449,00%",17
Melanesia,2019,21.3,"45372,00%",9
Mexico,2019,2.8,"45506,00%",31
Middle Africa (FAO),2019,24.8,"45528,00%",5
Mongolia,2019,5.1,"45296,00%",29
Morocco,2019,4.2,"45326,00%",18
Mozambique,2019,27,"27,00%",5
Myanmar,2019,2.9,"45537,00%",9
Namibia,2019,17.6,"45460,00%",11
Nepal,2019,4.9,"45539,00%",19
New Caledonia,2019,5.9,"45540,00%",28
Nicaragua,2019,17.5,"45429,00%",8
Niger,2019,11.9,"45546,00%",9
Nigeria,2019,12.4,"45394,00%",8
North Macedonia,2019,2.9,"45537,00%",9
Oman,2019,3.1,"45294,00%",26
Pakistan,2019,13.1,"45304,00%",9
Panama,2019,4.7,"45477,00%",26
Papua New Guinea,2019,23.1,"45314,00%",3
Paraguay,2019,3.3,"45354,00%",22
Peru,2019,6.2,"45328,00%",23
Philippines,2019,5,"5,00%",28
Polynesia,2019,6.2,"45328,00%",23
Saint Vincent and the Grenadines,2019,3.3,"45354,00%",22
Samoa,2019,7.4,"45389,00%",18
Sao Tome and Principe,2019,14.9,"45549,00%",14
Senegal,2019,6.3,"45357,00%",37
Sierra Leone,2019,27.5,"45439,00%",2
Slovakia,2019,2.7,"45475,00%",17
Small Island Developing States (FAO),2019,14.5,"45426,00%",11
South Africa,2019,6.1,"45297,00%",27
South-eastern Asia (FAO),2019,5.3,"45356,00%",21
Southern Asia (FAO),2019,13.3,"45364,00%",11
Sri Lanka,2019,6.4,"45388,00%",24
Sub-Saharan Africa (FAO),2019,19.5,"45431,00%",9
Sudan,2019,11.3,"45362,00%",13
Syria,2019,23.6,"45466,00%",3
Taiwan,2019,3.7,"45476,00%",24
Tajikistan,2019,9.8,"45513,00%",11
Tanzania,2019,22.3,"45373,00%",8
Thailand,2019,6,"6,00%",23
Togo,2019,18.8,"45522,00%",2
Trinidad and Tobago,2019,13.2,"45335,00%",12
Uganda,2019,32.5,0.00%,4
Ukraine,2019,3.6,"45446,00%",26
United Arab Emirates,2019,3.4,"45385,00%",20
Vanuatu,2019,10.8,"45514,00%",15
Venezuela,2019,23.4,"45405,00%",7
Vietnam,2019,5.5,"45417,00%",19
Western Africa (FAO),2019,11,"11,00%",12
Zambia,2019,29.2,"45351,00%",4
Afghanistan,2020,28.8,"45532,00%",3
Americas (FAO),2020,4.1,"45295,00%",29
Angola,2020,20.1,"45311,00%",6
Asia (FAO),2020,8.5,"45420,00%",10
Bangladesh,2020,11.7,"45484,00%",8
Belize,2020,4.7,"45477,00%",26
Benin,2020,10.2,"45332,00%",8
Bolivia,2020,16.2,"45338,00%",11
Botswana,2020,24.5,"45436,00%",3
Bulgaria,2020,2.5,"45414,00%",1240
Burkina Faso,2020,15.5,"45427,00%",7
Cambodia,2020,4.6,"45447,00%",19
Cape Verde,2020,18.1,"45309,00%",6
Caribbean (FAO),2020,15.2,"45337,00%",8
Central America (FAO),2020,4.8,"45508,00%",22
Central Asia (FAO),2020,3.3,"45354,00%",22
Chad,2020,29.8,"45533,00%",5
Chile,2020,2.5,"45414,00%",1240
Colombia,2020,6.3,"45357,00%",37
Congo,2020,32,"32,00%",1
Cote d'Ivoire,2020,7.9,"45542,00%",22
Democratic Republic of Congo,2020,33.9,0.00%,1
Djibouti,2020,17.3,"45368,00%",13
Dominica,2020,7.1,"45298,00%",21
East Timor,2020,23.7,"45496,00%",4
Eastern Africa (FAO),2020,28.1,"45319,00%",5
Ecuador,2020,14.1,"45305,00%",11
El Salvador,2020,7,"7,00%",26
Eswatini,2020,11.9,"45546,00%",9
Ethiopia,2020,22.3,"45373,00%",8
Fiji,2020,5.9,"45540,00%",28
French Polynesia,2020,5.4,"45387,00%",33
Gabon,2020,22.1,"45313,00%",6
Gambia,2020,18.7,"45491,00%",11
Georgia,2020,3,"3,00%",18
Ghana,2020,5.1,"45296,00%",29
Guatemala,2020,13.5,"45425,00%",12
Guinea,2020,12.4,"45394,00%",8
Guyana,2020,3,"3,00%",18
Honduras,2020,16.2,"45338,00%",11
India,2020,15.9,"45550,00%",10
Indonesia,2020,6.1,"45297,00%",27
Japan,2020,2.7,"45475,00%",17
Kenya,2020,24.7,"45497,00%",4
Kiribati,2020,12.1,"45303,00%",11
Kyrgyzstan,2020,4.6,"45447,00%",19
Land Locked Developing Countries (FAO),2020,19.1,"45310,00%",12
Laos,2020,5.2,"45327,00%",24
Latin America and the Caribbean (FAO),2020,6.5,"45418,00%",18
Least Developed Countries (FAO),2020,21.5,"45433,00%",5
Lesotho,2020,43.7,0.00%,1
Libya,2020,7.9,"45542,00%",22
Low Income Food Deficit Countries (FAO),2020,21.7,"45494,00%",6
Low income economies (FAO),2020,27.7,"45500,00%",4
Lower-middle-income economies (FAO),2020,13.1,"45304,00%",9
Malawi,2020,17.2,"45339,00%",7
Malaysia,2020,3.2,"45325,00%",22
Mali,2020,9.7,"45482,00%",11
Malta,2020,3.7,"45476,00%",24
Mauritania,2020,7.5,"45419,00%",15
Mauritius,2020,6.9,"45541,00%",23
Melanesia,2020,19.8,"45523,00%",10
Mexico,2020,2.5,"45414,00%",1240
Middle Africa (FAO),2020,27.6,"45470,00%",4
Mongolia,2020,6.6,"45449,00%",17
Morocco,2020,5.3,"45356,00%",21
Namibia,2020,17.1,"45308,00%",5
Nepal,2020,5.2,"45327,00%",24
New Caledonia,2020,5,"5,00%",28
Nicaragua,2020,17.9,"45552,00%",5
Niger,2020,14.2,"45336,00%",8
Nigeria,2020,14.2,"45336,00%",8
Oceania (FAO),2020,6,"6,00%",23
Oman,2020,2.7,"45475,00%",17
Pakistan,2020,16,"16,00%",11
Panama,2020,4.9,"45539,00%",19
Paraguay,2020,3.5,"45415,00%",25
Peru,2020,6.5,"45418,00%",18
Philippines,2020,5.1,"45296,00%",29
Rwanda,2020,32.4,0.00%,3
Samoa,2020,5.6,"45448,00%",32
Sao Tome and Principe,2020,13.5,"45425,00%",12
Saudi Arabia,2020,4.3,"45355,00%",23
Senegal,2020,5.9,"45540,00%",28
Seychelles,2020,3.5,"45415,00%",25
Sierra Leone,2020,27.3,"45378,00%",2
Slovakia,2020,2.5,"45414,00%",1240
Solomon Islands,2020,19.5,"45431,00%",9
South Africa,2020,6.9,"45541,00%",23
South America (FAO),2020,6.3,"45357,00%",37
South Sudan,2020,20.8,"45524,00%",9
Southern Africa (FAO),2020,9.5,"45421,00%",10
Sri Lanka,2020,5.7,"45478,00%",29
Sub-Saharan Africa (FAO),2020,21.6,"45464,00%",8
Sudan,2020,11.6,"45454,00%",11
Suriname,2020,9.1,"45300,00%",12
Syria,2020,25.7,"45498,00%",4
Taiwan,2020,3.3,"45354,00%",22
Tajikistan,2020,9.3,"45360,00%",16
Thailand,2020,5.6,"45448,00%",32
Togo,2020,17.5,"45429,00%",8
Trinidad and Tobago,2020,13.4,"45395,00%",9
Uganda,2020,31.5,"45443,00%",2
Ukraine,2020,4.1,"45295,00%",29
United Arab Emirates,2020,2.7,"45475,00%",17
Vanuatu,2020,9.8,"45513,00%",11
Venezuela,2020,21.6,"45464,00%",8
Vietnam,2020,5.1,"45296,00%",29
Western Africa (FAO),2020,13.7,"45486,00%",12
Western Asia (FAO),2020,10.5,"45422,00%",8
World,2020,8.9,"45543,00%",14
Yemen,2020,36,"36,00%",2
Zambia,2020,30,"30,00%",5
Zimbabwe,2020,39.1,0.00%,2
Afghanistan,2021,30.1,"45321,00%",2
Africa (FAO),2021,19.4,"45401,00%",11
Americas (FAO),2021,4.4,"45386,00%",21
Angola,2021,21.6,"45464,00%",8
Argentina,2021,3.2,"45325,00%",22
Bangladesh,2021,11.2,"45333,00%",8
Belize,2021,4.9,"45539,00%",19
Benin,2021,9.9,"45544,00%",9
Bolivia,2021,19.4,"45401,00%",11
Brazil,2021,4.7,"45477,00%",26
Burkina Faso,2021,16.2,"45338,00%",11
Cameroon,2021,6.4,"45388,00%",24
Central America (FAO),2021,5,"5,00%",28
Central Asia (FAO),2021,3.2,"45325,00%",22
Colombia,2021,6.6,"45449,00%",17
Comoros,2021,13.5,"45425,00%",12
Costa Rica,2021,3,"3,00%",18
Cote d'Ivoire,2021,7.7,"45480,00%",19
Democratic Republic of Congo,2021,35.3,0.00%,3
Djibouti,2021,16.8,"45520,00%",9
Dominica,2021,6.7,"45479,00%",20
East Timor,2021,22.3,"45373,00%",8
Eastern Africa (FAO),2021,28.4,"45410,00%",12
Ecuador,2021,13.9,"45548,00%",9
Egypt,2021,7.2,"45329,00%",11
El Salvador,2021,7.7,"45480,00%",19
Ethiopia,2021,21.9,"45556,00%",9
Fiji,2021,6.6,"45449,00%",17
French Polynesia,2021,5.1,"45296,00%",29
Gabon,2021,23,"23,00%",8
Gambia,2021,19.6,"45462,00%",5
Georgia,2021,2.9,"45537,00%",9
Ghana,2021,4.9,"45539,00%",19
Guatemala,2021,13.3,"45364,00%",11
Guyana,2021,2.5,"45414,00%",1240
Haiti,2021,45,"45,00%",1
Honduras,2021,18.7,"45491,00%",11
India,2021,16.6,"45459,00%",8
Iraq,2021,16.3,"45367,00%",8
Jamaica,2021,8.3,"45359,00%",14
Japan,2021,3.2,"45325,00%",22
Kenya,2021,27.8,"45531,00%",6
Kyrgyzstan,2021,4.8,"45508,00%",22
Land Locked Developing Countries (FAO),2021,19.5,"45431,00%",9
Laos,2021,4.7,"45477,00%",26
Latin America and the Caribbean (FAO),2021,7,"7,00%",26
Least Developed Countries (FAO),2021,21.9,"45556,00%",9
Lesotho,2021,46,"46,00%",1
Libya,2021,8.4,"45390,00%",16
Low Income Food Deficit Countries (FAO),2021,22.1,"45313,00%",6
Low income economies (FAO),2021,28.2,"45350,00%",3
Macao,2021,8,"8,00%",12
Madagascar,2021,51,"51,00%",1
Malawi,2021,17.8,"45521,00%",11
Mali,2021,12.8,"45516,00%",7
Malta,2021,4.6,"45447,00%",19
Mauritania,2021,8.7,"45481,00%",11
Mauritius,2021,6.8,"45510,00%",21
Melanesia,2021,21.1,"45312,00%",8
Middle Africa (FAO),2021,28.5,"45440,00%",4
Mongolia,2021,8,"8,00%",12
Myanmar,2021,3.8,"45507,00%",26
New Caledonia,2021,4.8,"45508,00%",22
Nicaragua,2021,17.8,"45521,00%",11
Niger,2021,16.1,"45307,00%",13
Nigeria,2021,15.9,"45550,00%",10
Northern Africa (FAO),2021,6.9,"45541,00%",23
Oceania (FAO),2021,6.6,"45449,00%",17
Oman,2021,2.8,"45506,00%",31
Pakistan,2021,18.5,"45430,00%",10
Panama,2021,5.3,"45356,00%",21
Paraguay,2021,4.2,"45326,00%",18
Peru,2021,7,"7,00%",26
Philippines,2021,5.2,"45327,00%",24
Polynesia,2021,4.1,"45295,00%",29
Rwanda,2021,31.6,0.00%,7
Saint Vincent and the Grenadines,2021,3.1,"45294,00%",26
Samoa,2021,4.6,"45447,00%",19
Sao Tome and Principe,2021,13.1,"45304,00%",9
Saudi Arabia,2021,3.8,"45507,00%",26
Senegal,2021,5.7,"45478,00%",29
Sierra Leone,2021,27.8,"45531,00%",6
Slovakia,2021,2.8,"45506,00%",31
Small Island Developing States (FAO),2021,14.8,"45518,00%",11
Solomon Islands,2021,19,"19,00%",7
South Africa,2021,7.9,"45542,00%",22
South America (FAO),2021,7,"7,00%",26
South Sudan,2021,21.4,"45403,00%",12
Southern Africa (FAO),2021,10,"10,00%",10
Southern Asia (FAO),2021,16.4,"45398,00%",12
Sri Lanka,2021,5.3,"45356,00%",21
Sub-Saharan Africa (FAO),2021,22.2,"45344,00%",8
Sudan,2021,11.9,"45546,00%",9
Syria,2021,27.8,"45531,00%",6
Taiwan,2021,3,"3,00%",18
Tanzania,2021,23.5,"45435,00%",4
Thailand,2021,5.2,"45327,00%",24
Togo,2021,17.4,"45399,00%",6
Trinidad and Tobago,2021,12.2,"45334,00%",10
Tunisia,2021,3,"3,00%",18
Turkmenistan,2021,5.7,"45478,00%",29
Uganda,2021,31.6,0.00%,7
Ukraine,2021,4.8,"45508,00%",22
United Arab Emirates,2021,2.5,"45414,00%",1240
Vanuatu,2021,9.5,"45421,00%",10
Venezuela,2021,17.9,"45552,00%",5
Vietnam,2021,5,"5,00%",28
Western Africa (FAO),2021,14.5,"45426,00%",11
Western Asia (FAO),2021,10.2,"45332,00%",8
World,2021,9.3,"45360,00%",16
Zambia,2021,29.8,"45533,00%",5
Africa (FAO),2022,19.7,"45492,00%",6
Americas (FAO),2022,4.2,"45326,00%",18
Caribbean (FAO),2022,16.3,"45367,00%",8
Central Asia (FAO),2022,3,"3,00%",18
Eastern Africa (FAO),2022,28.5,"45440,00%",4
Land Locked Developing Countries (FAO),2022,19.2,"45341,00%",10
Least Developed Countries (FAO),2022,22.1,"45313,00%",6
Low Income Food Deficit Countries (FAO),2022,22.5,"45434,00%",9
Low income economies (FAO),2022,28.3,"45379,00%",4
Lower-middle-income economies (FAO),2022,13.4,"45395,00%",9
Middle Africa (FAO),2022,29.1,"45320,00%",3
Northern Africa (FAO),2022,7.5,"45419,00%",15
Polynesia,2022,4.3,"45355,00%",23
Small Island Developing States (FAO),2022,16,"16,00%",11
South America (FAO),2022,6.1,"45297,00%",27
South-eastern Asia (FAO),2022,5,"5,00%",28
Southern Africa (FAO),2022,11.1,"45302,00%",15
Western Africa (FAO),2022,14.6,"45457,00%",9
Western Asia (FAO),2022,10.8,"45514,00%",15
World,2022,9.2,"45331,00%",10
